{"losses": [43266424832.0, 17836449792.0, 6150905856.0, 1520429184.0, 472101184.0, 167393424.0, 133476368.0, 61698232.0, 49620004.0, 35533644.0, 25080826.0, 18366758.0, 15807091.0, 15129634.0, 15189534.0, 14924680.0, 14684504.0, 14593293.0, 14558283.0, 14581342.0], "E_hist": [[10000.0, 10000.0, 10000.0, 10000.0, 10000.0, 10000.0, 10000.0, 10000.0], [5229.559446850713, 5137.54695980524, 5355.896200181383, 5663.696634209918, 5750.506419259974, 5522.952826137982, 5246.072318021438, 5571.980626623172], [5828.648264617643, 5737.558345782902, 6577.552786707447, 7073.820897100716, 7245.358483136735, 7193.201423683522, 6346.713109382365, 7248.25096657872], [6282.231467934752, 6502.934171146349, 7608.212646280192, 8246.46497170588, 8645.405675678307, 8697.637435718076, 7682.060382193507, 8860.8717758521], [6317.899623583724, 7158.864292047006, 8333.900220752694, 9229.403968724257, 9930.175301425366, 10188.513437710428, 9069.535338409627, 10564.604651090318], [5602.455007796131, 7297.131156511358, 8425.872795325675, 9554.5104034314, 10606.041463120626, 11109.246523372623, 9988.277139800144, 11746.943948104647], [5239.141760334582, 7147.5721091760715, 8212.510963625991, 9510.05328124947, 10925.193357013139, 11850.036228491364, 10870.611381770013, 12697.59195025016], [5666.468147256397, 6993.410304710811, 8174.842357882697, 9455.381855254842, 10965.307701815616, 12421.292056287466, 11796.615058744057, 13636.080900712546], [5377.940801473213, 6929.453811860348, 8104.785385558317, 9398.010280378126, 10925.202065319141, 12424.48486254546, 11844.68554366588, 13707.652127918622], [5317.012615265765, 6879.786291969791, 8090.415757610597, 9359.720812574016, 10849.496264234382, 12449.57797926607, 11986.908236806801, 13863.344745158818], [5306.76290844285, 6817.509664826217, 8102.877128104835, 9313.030292894462, 10676.66857703613, 12440.578497267898, 12234.071283849244, 14128.536413537571], [5354.661099699491, 6816.1507815552695, 8124.9115167853615, 9317.199598073043, 10499.744427961159, 12319.73511531342, 12454.983989596323, 14356.404288399992], [5406.758913951188, 6840.427862495412, 8069.615234241778, 9326.56582749318, 10449.630657711019, 12097.308489043024, 12668.73186510334, 14556.071168196395], [5417.767207180687, 6878.575393808666, 8085.788889085464, 9324.167302408927, 10516.55740979368, 11854.735032938786, 12823.89900011407, 14653.615523794451], [5428.141913218036, 6851.508815205412, 8045.314335289415, 9308.216283235575, 10557.146598949717, 11817.185948386848, 12889.584728059135, 14668.32953461948], [5417.9721215535765, 6853.5826022528045, 8056.950783382548, 9310.781078524687, 10567.212847411854, 11827.848024172905, 12889.240736260099, 14645.697266902565], [5409.685021433021, 6853.972855436688, 8066.149258990683, 9310.490479460053, 10574.64118635655, 11839.19631925557, 12910.722707484094, 14616.627428519532], [5400.4555580288625, 6857.986200797235, 8078.590290306973, 9311.565442211386, 10584.876520227748, 11839.243021482374, 12972.97838060929, 14550.674079487713], [5401.944721749885, 6855.474480069101, 8075.29914902304, 9319.151583201838, 10579.307658811185, 11839.265371751851, 13021.540352373699, 14518.980682131893], [5409.010088455751, 6857.682566043051, 8069.47330499058, 9312.758586941132, 10571.551404080234, 11829.694055622269, 13072.163094141653, 14506.889836690822], [5409.010088455751, 6857.682566043051, 8069.47330499058, 9312.758586941132, 10571.551404080234, 11829.694055622269, 13072.163094141653, 14506.889836690822]]}