{"losses": [48459169792.0, 21714806784.0, 9119446016.0, 2617134592.0, 983713280.0, 450810112.0, 380753184.0, 195110144.0, 175944928.0, 156643696.0, 102681680.0, 80965504.0, 69035472.0, 38205948.0, 30166288.0, 22870462.0, 20996804.0, 17087538.0, 13282547.0, 12012150.0, 9548238.0, 8276965.5, 7711524.5, 7387362.0, 5915147.5, 5438248.5, 6045354.0], "E_hist": [[10000.0, 10000.0, 10000.0, 10000.0, 10000.0, 10000.0, 10000.0, 10000.0, 10000.0, 10000.0, 10000.0, 10000.0, 10000.0, 10000.0, 10000.0, 10000.0, 10000.0, 10000.0, 10000.0, 10000.0, 10000.0, 10000.0, 10000.0, 10000.0, 10000.0, 10000.0, 10000.0, 10000.0, 10000.0, 10000.0, 10000.0, 10000.0], [5237.172291920828, 5096.330569370166, 5051.107273737767, 5024.603842513564, 5022.782591441327, 5040.409490524722, 5066.269381272005, 5087.313723210701, 5093.612683383574, 5081.812984316454, 5057.26742688081, 5033.521733646291, 5028.259539599076, 5061.987587749741, 5144.38299160753, 5635.874998968186, 5008.659335911525, 5013.874806274098, 5038.8858146689545, 5098.765675817513, 5190.588009602668, 5298.322851671921, 5400.49333788786, 5475.43970301207, 5505.650765016008, 5483.116561894602, 5412.3243298240295, 5308.154549891826, 5193.6323801481285, 5097.820786792849, 5037.873697068147, 5069.148648652918], [6232.354861079466, 5651.808483319032, 5443.277793372693, 5217.157207908302, 5166.888840851482, 5260.139120705762, 5408.061974619143, 5524.201848820371, 5564.773665573724, 5506.2383724295405, 5370.192697620584, 5230.34356396006, 5238.137480450005, 5574.443336397873, 6104.832845227648, 7737.877961080417, 5043.106000616283, 5103.6414688222985, 5298.263064240506, 5727.091111811264, 6245.337997997259, 6668.057347604257, 6915.695262607042, 7033.791312169196, 7100.22986610849, 7168.357301183356, 7162.148715171563, 6937.509856983961, 6430.256415139311, 5801.4806787536845, 5304.970944304504, 5396.703301712827], [6874.0182994181, 6244.72585739762, 6071.916739968983, 5544.444317478252, 5357.483595167975, 5525.416108370537, 5848.276942496506, 6110.701477851733, 6212.208221268523, 6091.387416118585, 5781.203250597397, 5477.255943826423, 5578.074514125297, 6427.303924948569, 7405.312093322975, 9743.312189947028, 5022.391263184269, 5238.980731794823, 5686.810493840574, 6501.040875678232, 7257.267837725793, 7774.170956461428, 8084.65138485549, 8299.216190237126, 8464.684706248747, 8598.816708077544, 8647.198580548218, 8454.560309471573, 7827.525620151735, 6798.155528068239, 5716.4000766728395, 5802.553748743272], [7013.446104925937, 6761.241258572204, 7010.948959270449, 6102.000167455386, 5626.398978432771, 5881.406262104091, 6467.458573543547, 6923.054158839206, 7123.851965973823, 6965.910652911858, 6421.526246777417, 5856.255681036096, 6153.230953902612, 7685.616338378219, 9029.844468291505, 12160.156204138304, 4899.990114374515, 5463.219547909634, 6210.913195931603, 7266.445952929253, 8074.269436631925, 8706.504794385548, 9179.3253271915, 9547.044109999155, 9866.542569985751, 10149.673755891306, 10308.588943938128, 10137.194369190345, 9429.275015308713, 8137.7194048769925, 6344.407331409151, 6410.447414801089], [5984.175972766905, 6584.730702500021, 7575.806401710526, 6537.28925123549, 5814.156445097057, 6114.0847714615775, 6889.862125493766, 7479.440827881506, 7771.597063813661, 7630.942111630361, 6950.099614529526, 6176.2743540866, 6654.243333440545, 8636.093375868886, 10119.437239156547, 13979.287100370462, 4720.173539624362, 5595.905544013802, 6419.069216928057, 7426.589812722279, 8164.672376643527, 8900.669087453032, 9522.331493944614, 10058.027486256717, 10574.924429393985, 11043.45395316275, 11349.59372529668, 11239.72351007092, 10512.119521588174, 9108.141740057557, 6844.711854048846, 6964.680676254636], [5556.95215158358, 6258.30561730583, 7820.078624988196, 6914.4659192044555, 6001.272954995562, 6389.061360052841, 7321.884394983894, 7998.089223514729, 8386.167780289885, 8311.5144180816, 7566.558635414212, 6561.744654792596, 7142.772241403595, 9476.071400647168, 11026.717501730316, 15468.240360543346, 4787.065278611137, 5725.368263510098, 6518.620701880401, 7207.419054055212, 7812.592520511385, 8633.176996256872, 9333.92982382976, 10030.13857087851, 10762.77925873861, 11493.577808690605, 12054.942163964777, 12092.091876929073, 11448.562156165499, 10036.061905508781, 7367.857894098564, 7453.294797739821], [6419.948917221003, 6009.731360691871, 7882.854416761752, 7332.001981979711, 6359.613095770268, 6926.1864929274825, 7925.751984762441, 8631.984476137703, 9078.69332515508, 9053.108068494119, 8317.155735959592, 7081.356979786483, 7808.372972259532, 10512.457027888, 12031.505009798151, 16871.25659655716, 5078.7490014692075, 5875.746089393823, 6638.112148692626, 7082.406624733037, 7773.969551989887, 8607.29658582019, 9077.038131609504, 9676.949156074726, 10453.100207527707, 11415.94025183555, 12380.034336104847, 12757.786103075417, 12364.803998259324, 11095.96464905784, 8051.991979716111, 8017.0054299885405], [5701.605150396316, 5742.13277921302, 7892.264193799207, 7414.826269833173, 6414.098970522252, 7002.677938067137, 8028.585189583404, 8752.0794710541, 9221.309342846049, 9216.814543789658, 8480.869600093009, 7192.420706586085, 7961.4723825226965, 10755.830904991695, 12271.569565074184, 17273.940237933846, 5070.494351982159, 5861.322633086811, 6583.760520775669, 6947.897941373326, 7606.816834134984, 8452.534911205996, 8946.302927668112, 9590.589434134457, 10398.342580741326, 11418.250941659628, 12470.031258334715, 12917.592458040295, 12580.803473566526, 11342.62178288782, 8205.82078711664, 8162.318447991814], [5460.337483530041, 5655.637963081484, 7882.241607576304, 7500.719092598209, 6506.560274545863, 7130.5150430766225, 8163.77078192291, 8891.319622337594, 9371.022864411325, 9382.377931314875, 8656.626242569238, 7318.613063476277, 8136.438219859224, 11020.052564857995, 12505.042039257447, 17589.984256628242, 5111.38132964127, 5861.063117503898, 6564.8587239695535, 6916.1686834094635, 7598.997475650964, 8432.183652275955, 8897.160882718721, 9518.966380499689, 10289.158541266606, 11322.301213696299, 12464.832959974448, 13014.169815585137, 12769.546723409236, 11596.253397096812, 8380.904278858103, 8303.450795005056], [5429.516433591825, 5658.311021960209, 7844.793773392012, 7576.907086082284, 6613.365115674913, 7274.557508945757, 8303.389254625796, 9027.399934469848, 9511.77872248027, 9536.911909881515, 8829.22258316909, 7447.795770283565, 8317.647020266782, 11281.907412873301, 12714.59292790172, 17819.14577236823, 5169.490545867945, 5854.966744925052, 6546.505090665422, 6921.755299941683, 7641.439100252944, 8446.85058332497, 8876.883812636364, 9456.121197856777, 10147.104415014495, 11155.183729026441, 12379.613885213803, 13047.18204087499, 12918.942368816337, 11836.178459285364, 8559.791000298004, 8433.963240327512], [5255.17950388012, 6117.184572077762, 7583.583310291189, 7771.918885980435, 6972.0176366310525, 7702.418186973711, 8693.632421088332, 9417.43067880591, 9970.528469099105, 10070.368201873736, 9417.317950717948, 7898.720610237325, 8972.119518912084, 12187.92188829638, 13315.38945945931, 17992.231112256315, 5348.120867637455, 5731.457331769888, 6401.04793784809, 6976.136772921167, 7580.735876376993, 8247.410221786558, 8961.659515987782, 9719.187105216342, 10080.990320012723, 10574.659208039371, 11730.347056180733, 12790.387249233696, 13218.227270085774, 12616.609326017295, 9218.834014897451, 8802.070835426828], [5398.32707113036, 5996.577221200213, 7219.678784374417, 7873.60610503006, 7208.066644774994, 7904.773219142553, 8772.223347370258, 9467.634672327593, 10145.96415867934, 10388.936052023004, 9783.164679202053, 8183.173069879591, 9386.697391173313, 12739.11579622585, 13605.104039491476, 17744.72197896478, 5470.132819802238, 5635.905106128004, 6366.061008181634, 7086.611672789384, 7791.777929624909, 8358.240033811604, 8818.036624279279, 9498.917030831704, 10095.533945971149, 10552.005238062453, 11409.012372192165, 12490.413205255532, 13256.579796794438, 13036.776109268696, 9630.767787009541, 