{"losses": [4665957888.0, 2349799424.0, 1103614208.0, 275559424.0, 178404672.0, 49149432.0, 44094884.0, 40100284.0, 31745086.0, 20261448.0, 10725068.0, 9328472.0, 8328519.5, 6900756.0, 4764681.0, 3793364.5, 3134391.5, 2914203.75, 2772077.25, 2561114.75, 2513494.75, 2443654.25, 2317491.25, 2117129.25, 2077754.625, 1973566.375, 1903167.875, 1869674.125, 1783940.125, 1737641.875, 1732704.0, 1672749.75, 1624862.375, 1591364.625, 1594956.375, 1557562.75, 1530759.5, 1479414.125, 1364637.625, 1339118.375, 1319743.75, 1289002.375, 1292023.75, 1282094.0], "E_hist": [[10000.0, 10000.0, 10000.0, 10000.0, 10000.0, 10000.0, 10000.0, 10000.0, 10000.0, 10000.0, 10000.0, 10000.0, 10000.0, 10000.0, 10000.0, 10000.0], [5036.187193888676, 5009.219425425232, 5019.734181691094, 5063.643795541303, 5067.402742240648, 5020.4082619407245, 5015.296580440078, 5290.391066397506, 5002.42869070356, 5012.005758414589, 5048.708906307709, 5086.144015560255, 5087.767267134831, 5052.980374459143, 5017.7311936658225, 5012.575400215755], [5815.353448575577, 5298.614472375189, 5265.035170353449, 5843.832339358729, 5943.321377874121, 5322.226719822093, 5336.577575665375, 7574.001579751424, 5068.343650829425, 5219.5991263820015, 5804.4253467192, 6350.809812749207, 6422.902695354264, 5952.292101802978, 5325.241263594569, 5164.591817155007], [6043.271487565667, 5919.681704691594, 5586.871810094416, 6630.490618227544, 6874.697860595727, 5776.002081972884, 5978.615572535407, 9439.79957710403, 5139.694818723569, 5579.594516105679, 6884.761329142619, 7834.596523566526, 7982.705442878791, 7214.213351998669, 5799.218178652092, 5359.182179742079], [5665.765239469424, 7047.170324144532, 6055.646278689162, 7454.834130477661, 8065.454431851098, 6735.63121443069, 6989.858237568768, 11694.422511522906, 5253.774495570321, 6290.692140341391, 8469.156169628144, 9703.02955535219, 10011.32843299742, 9160.76549450366, 6686.411668881985, 5656.807357546069], [7049.7828361412, 7895.463817505185, 6409.1183081729005, 7930.990271518871, 9082.11819523601, 7960.943294732527, 7674.708185047777, 13265.214592533936, 5450.442811504508, 6962.2130588409145, 9544.982559954442, 10924.720855806907, 11466.903716140532, 10795.812154956455, 7592.444942198348, 5913.004277216859], [5731.4559393275595, 8035.039157011467, 6420.3886987983715, 7940.6227869485665, 9201.137867283343, 8118.815473251857, 7867.2530896945955, 13629.679826348869, 5395.061977509198, 6992.443535748808, 9622.116985013095, 11025.575936104266, 11608.651187487792, 10957.441488980783, 7609.619682232403, 5954.4841802959345], [5468.534442499349, 8158.329982996535, 6453.579706946557, 7968.955334280129, 9357.661645350829, 8368.645961571494, 8003.966315483242, 13920.66961747955, 5391.433425616306, 7045.799046741272, 9680.51703445864, 11101.32285159822, 11748.600797929703, 11171.869034991852, 7702.720275778055, 5999.592549368035], [5520.697158096456, 8230.266806421047, 6479.300035852648, 7981.50947553256, 9468.629801287536, 8575.898253123649, 8090.672398093432, 14107.258686488974, 5392.147121812079, 7071.295057366637, 9678.676597059293, 11104.327162235646, 11807.32316740315, 11311.126537228016, 7767.813788281374, 6032.308323868546], [5585.696461341419, 8362.075919995556, 6529.252200301783, 7969.404820906025, 9721.973526681473, 9158.09768483837, 8304.573196066278, 14551.439873687264, 5368.650064843777, 7065.489838652271, 9503.52821978865, 10926.41293278641, 11800.40285416414, 11584.97025192517, 7878.274588613432, 6115.0939661806115], [5647.361222746252, 8476.558961494853, 6612.763181203599, 7950.195358048065, 10034.095924673853, 10065.07223451735, 8635.145102540697, 15163.600583585661, 5300.091122530787, 6976.773698376842, 9012.369200853547, 10413.146124297024, 11561.259703053342, 11874.712453941289, 7969.486803643991, 6242.810219097668], [5672.381377464519, 8401.923041068121, 6937.966274463173, 8352.706451107784, 10101.316279190441, 11060.961050114258, 9313.0940037477, 15832.864329492726, 5199.857569126348, 7052.099314234515, 8336.174523618716, 9721.779309799522, 10962.972116138373, 12094.25683020655, 8050.361081364662, 6444.388361744683], [5659.408307816122, 8327.913825437709, 7121.236716148416, 8509.452504881465, 10035.973475309751, 11302.222652719554, 9612.841604489013, 15957.819602197156, 5170.362587323373, 7198.677535828291, 8231.866240971229, 9601.871484709656, 10787.87338311466, 12143.869190920042, 8149.201509577417, 6541.107916035343], [5641.793660330507, 8244.089392272781, 7321.657079746608, 8675.688568387079, 9964.249004957928, 11498.172791283323, 9974.862533639243, 15964.840684275045, 5129.856160970433, 7411.2384701675, 8151.51719018079, 9538.47997786692, 10652.596171146135, 12185.894306576583, 8334.713826237266, 6675.320723856584], [5604.363944158596, 8179.460401829206, 7556.520852976203, 8846.51956115175, 10005.85243014896, 11757.833084061362, 10537.632261672985, 15789.83332995817, 5039.468429259003, 7723.600838395825, 7957.340228154655, 9443.030637968346, 10572.955852067831, 12268.418025401477, 8740.682867810223, 6921.524596659293], [5538.963387887096, 8056.4060220488245, 8090.544031572056, 9061.592249987512, 10177.74313237551, 12018.314743161809, 11537.922707356403, 15263.189987708083, 4794.92584040208, 8308.069114299185, 7743.4278015244745, 9349.682169544438, 10569.416239338398, 12299.050333304887, 9660.77922471211, 7491.374185279803], [5480.288170785692, 7812.272410304159, 8485.22041620847, 9230.096293338958, 10420.45743061956, 12108.173932218928, 12267.934690836282, 14872.976553673707, 4506.34602848844, 8758.074621707017, 7463.227090967494, 9242.015215833631, 10591.614449494018, 12234.954377532102, 10533.929145793674, 8054.828532569702], [5436.361390579812, 7602.214037223572, 8736.313355640914, 9381.27808212506, 10610.51973166326, 12026.6531672363, 12658.787307931161, 14646.599424034588, 4254.029295403272, 9019.503128551529, 7382.9739487760735, 9322.795964353205, 10710.11879634941, 12130.95744350427, 11224.029551015607, 8514.244059661829], [5412.706937463621, 7477.755180625985, 8841.760831394206, 9440.389045728705, 10705.942329196574, 11989.07496648022, 12791.989748499413, 14610.654443780957, 4103.329778034947, 9104.104421152624, 7315.122432891528, 9335.446065720407, 10753.943476813045, 12077.618279601322, 11592.553238990684, 8765.75752847591], [5440.382481628422, 7339.624388412418, 8930.204284760395, 9501.712905826615, 10760.9879840141, 11932.616535375448, 12857.891459256025, 14608.295449021525, 3949.617890120258, 9139.220704757012, 7244.412172998254, 9334.598421254674, 10764.969750281198, 12007.714314455785, 11932.576898451209, 9009.144098820188], [5424.340078384537, 7309.011427314708, 8896.34157965884, 9470.209571569227, 10766.877061972154, 11860.683914824802, 12729.77149799412, 14676.028856342493, 3898.355639774679, 9062.262554356117, 7260.891681456212, 9359.399652652914, 10793.631314478482, 11977.070705752874, 12002.75380637689, 9063.079192907044], [5426.04210813938, 7310.7329030374685, 8827.061183146461, 9406.8064099664, 10728.158978447811, 11787.225168827505, 12517.303731939055, 14770.869823793111, 3871.5413886994693, 8924.694778462908, 7294.6230067620145, 9369.768765424396, 10799.068780750344, 11954.660483586316, 11991.241406757685, 9064.903094751226], [5431.826046610257, 7298.183200733249, 8794.945071359707, 9351.01661267117, 10684.772215019831, 11704.566928118664, 12333.944397087236, 14815.184397816387, 3797.405842859884, 8792.265329635542, 7314.246291714215, 9375.427525271038, 10801.680702080608, 11920.016194536092, 12095.523331143051, 9146.289030536775], [5443.769777585883, 7326.404244738166, 8769.476887509492, 9252.614661654894, 10566.836348159359, 11589.066971187463, 12043.928233320403, 14822.837011926675, 3676.770024880959, 8559.260996821085, 7386.84348869121, 9398.504483920009, 10801.25081523929, 11888.06776397006, 12302.137385909202, 9305.408873042172], [5429.260085566735, 7266.794832202486, 8948.45828664236, 9343.013335036298, 10509.255529713053, 11670.8766995509, 12197.482742254435, 14675.091951790959, 3467.191617486962, 