{"losses": [53317935104.0, 20495427584.0, 8311435264.0, 2173552128.0, 947263936.0, 507998592.0, 391448096.0, 347062048.0, 293863168.0, 289353280.0, 286805568.0, 286139680.0, 285930592.0, 286350848.0, 285994816.0, 286159488.0], "E_hist": [[10000.0, 10000.0, 10000.0, 10000.0], [5067.24146810598, 5186.7711008791175, 5233.28157004387, 5149.8527608061395], [5715.326302768961, 6738.194015404961, 6947.976607114452, 6734.72745457511], [6246.654819295083, 7749.946820948446, 8274.927174766395, 8124.646438932464], [6673.3048325966165, 8779.873507407028, 9763.473233532452, 9832.82461935426], [6392.939178359767, 9058.486960082617, 10607.818665553268, 10945.62078018681], [5702.5538355308645, 9010.565162424311, 11201.980260668635, 12007.29311180291], [5869.818166798161, 8963.526542660018, 11389.72456458643, 12733.181071591916], [5831.265312411038, 8860.959674452552, 11424.966864429372, 13207.160777147137], [5824.821815070418, 8805.504170234024, 11086.187893491175, 14023.357682905287], [5904.633033957417, 8638.184104757607, 10928.694331477085, 14365.613936848684], [5874.681544001547, 8726.366365652395, 10928.299142828999, 14374.39247586221], [5873.337514107669, 8723.705085576177, 10935.715889880486, 14395.270082150859], [5872.484853561803, 8720.546522119896, 10938.136929513648, 14411.467902848552], [5872.4848535618285, 8720.546522133956, 10938.136929502916, 14411.467902768663], [5872.484445777863, 8720.550967535104, 10938.137651569978, 14411.453824256536], [5872.484445777863, 8720.550967535104, 10938.137651569978, 14411.453824256536]]}