{"losses": [47068581888.0, 19786471424.0, 7343628288.0, 1734265600.0, 540423104.0, 198949760.0, 128488248.0, 77913528.0, 55904372.0, 28461050.0, 13310385.0, 7646429.5, 4842908.0, 2678678.5, 1426753.75, 920072.9375, 698477.125, 787616.125, 617350.0625, 617205.75], "E_hist": [[10000.0, 10000.0, 10000.0, 10000.0, 10000.0, 10000.0, 10000.0, 10000.0, 10000.0, 10000.0, 10000.0, 10000.0, 10000.0, 10000.0, 10000.0, 10000.0], [5216.22607236991, 5096.869916174846, 5079.110771591168, 5108.443602760392, 5187.588291293042, 5297.76299299238, 5410.296207606476, 5494.684491549451, 5526.7899255613665, 5496.5981453770255, 5412.773495738565, 5300.331484406373, 5195.053067318141, 5140.48065903168, 5160.207348793101, 5619.690142256766], [5972.129258397036, 5558.65273895085, 5554.189693505899, 5765.233662405411, 6196.8671199108585, 6609.348842020678, 6858.340291202927, 6970.962215280113, 7042.4945407554405, 7119.6824592278135, 7097.255345510459, 6842.7615925415685, 6373.907528632159, 6039.190760135859, 6072.466720338971, 7400.083953094026], [6358.664496642, 6016.531874362815, 6197.730969973416, 6591.9180057371605, 7218.137352703382, 7689.361297253145, 7982.940550822423, 8193.101777509148, 8366.34966324606, 8514.029773118875, 8554.117287214678, 8344.038404493234, 7754.243761513522, 7222.467748626199, 7231.965421166266, 9069.503603339532], [6243.730385335071, 6387.492518380496, 6889.136772244904, 7359.197350281471, 8037.895051865979, 8548.955007442994, 8972.468015553779, 9342.178896606869, 9669.277501186518, 9951.876744475527, 10079.147636521111, 9924.100218735997, 9269.251462518981, 8589.682955436327, 8597.037649685193, 10972.019130061879], [5283.992027270768, 6226.432300065625, 7086.588379373937, 7549.708684284203, 8198.395973845089, 8726.50580541961, 9276.029082737306, 9808.937407054918, 10308.870685517575, 10750.538848481629, 10998.966031167813, 10930.253054322351, 10270.800735053192, 9505.875288756799, 9506.094422288314, 12278.266354926785], [5333.986273397994, 5951.4803706329285, 6959.571121958781, 7420.412023906917, 8024.60215131611, 8566.376654617196, 9209.66714038294, 9884.001070662713, 10568.32715332111, 11217.58304956248, 11659.468481322336, 11771.084200220228, 11202.62442957177, 10356.372663203712, 10286.588080371292, 13311.966185701649], [5005.523415168071, 5708.535857300875, 6811.994685803632, 7294.209252852226, 7919.315930470939, 8493.253601698403, 9149.965675677917, 9823.175704118137, 10538.699234892209, 11270.182165523333, 11832.113189428592, 12080.69028780993, 11604.790706077612, 10755.348961890204, 10664.983849701726, 13826.108335852834], [5162.328837715749, 5552.460479896543, 6671.84182743318, 7181.151110753806, 7827.880663823873, 8429.611992118858, 9095.851513568387, 9770.447500513264, 10522.07134542013, 11345.757198951966, 12047.035535326939, 12459.735777979262, 12097.847608384063, 11240.466994581786, 11114.97423197145, 14376.010169055837], [5198.248613512, 5561.1276635397435, 6600.809208489888, 7141.601094610082, 7833.908927875658, 8449.701105636123, 9085.487629517998, 9701.934143963985, 10407.78114841016, 11247.046581258082, 12050.884616169506, 12626.368870978355, 12407.739781677585, 11588.013261581185, 11447.210665488472, 14731.820489650388], [5227.003093298945, 5778.784435768025, 6562.322285210171, 7118.413973196416, 7804.131256099853, 8387.103842420105, 9035.74942238079, 9645.325049955401, 10230.68081886096, 10919.54413383969, 11792.898133383806, 12676.113322930127, 12814.52636025133, 12166.823065145118, 12024.529898500037, 15180.590332243357], [5246.086382982766, 5798.69067816998, 6478.284921664599, 7116.249312162979, 7815.962142522611, 8430.361727143267, 9040.019818236784, 9645.627766210473, 10282.528793127472, 10774.902657737135, 11398.550919721722, 12439.969494021518, 13008.324350356028, 12647.676233828253, 12585.543313604, 15279.268093814197], [5253.1464666413285, 5966.721633091704, 6507.182369185452, 7130.198696365973, 7717.5936634612, 8302.463578232351, 8936.402116091667, 9550.830166448872, 10307.263514874501, 10865.044104303135, 11253.19638355345, 12220.602706485392, 13111.805101724376, 13043.601166701103, 13078.964499333, 15200.786311594713], [5238.259931157067, 5943.697122931299, 6511.762161274179, 7143.47074063097, 7745.527208663357, 8362.363421945773, 9002.321158640641, 9569.997912874118, 10288.111002334112, 10910.048699629057, 11286.555466477255, 12149.568723197395, 13051.125256019963, 13051.25904447471, 13121.97221028937, 15065.201328186324], [5234.413349060375, 5896.74272248606, 6499.68714151991, 7149.8875405584295, 7756.475413794044, 8394.881576002634, 9057.342607993662, 9593.060547677738, 10242.529701531215, 10982.796662517454, 11371.52798388713, 12047.9224083158, 12985.399803337248, 13139.361675282562, 13286.22785780672, 14854.848068502279], [5237.430140207478, 5862.434976519199, 6493.652254471878, 7157.558817086401, 7776.518712875405, 8379.598169342964, 9037.613344215079, 9650.765010738227, 10205.945308745351, 10967.304838309681, 11454.779251684946, 12005.99708805512, 12961.172357922122, 13274.306421114912, 13510.353632554708, 14713.611597825506], [5236.482758769079, 5893.269713193532, 6505.493009743965, 7113.051923969963, 7751.038802215031, 8413.111629995772, 8985.27776589787, 9656.665279260757, 10211.038857929021, 10907.681215689778, 11525.82419876891, 12015.298128076143, 12949.319491360146, 13429.694102749096, 13777.019544936651, 14654.820779642794], [5246.692281039063, 5868.954452710407, 6510.813055038541, 7153.69955361203, 7760.830879686874, 8393.222089827286, 8961.229067758268, 9656.853170231545, 10232.685738121389, 10856.762021452529, 11544.92480602437, 12041.31904943632, 12915.986217892667, 13462.734228775196, 13876.89733313962, 14654.178672698248], [5245.951586628456, 5879.324854142775, 6506.5757016730595, 7143.755361604531, 7749.397154710434, 8393.738271036444, 8976.808193856523, 9654.2661847885, 10239.496515963527, 10861.061081143918, 11537.358956187858, 12042.919950919952, 12910.280372872327, 13452.096137098702, 13867.663285824503, 14664.68940808484], [5245.951586626492, 5879.324854143291, 6506.575701671803, 7143.755361603531, 7749.397154708286, 8393.738271036189, 8976.808193859495, 9654.266184785909, 10239.496515965608, 10861.061081143695, 11537.358956187121, 12042.919950922576, 12910.280372868998, 13452.096137094723, 13867.663285822853, 14664.689408089047], [5245.951586626492, 5879.324854143291, 6506.575701671803, 7143.755361603531, 7749.397154708286, 8393.738271036189, 8976.808193859495, 9654.266184785909, 10239.496515965608, 10861.061081143695, 11537.358956187121, 12042.919950922576, 12910.280372868998, 13452.096137094723, 13867.663285822853, 14664.689408089047]]}