{"losses": [45051953152.0, 19986507776.0, 7931790848.0, 2317267200.0, 906058624.0, 415739552.0, 351941120.0, 207208240.0, 182220960.0, 158708048.0, 131910008.0, 104062648.0, 77302344.0, 62634700.0, 49755940.0, 30978246.0, 24163380.0, 21712516.0, 20254414.0, 19298520.0, 17588130.0, 16859594.0, 16009053.0, 16405360.0], "E_hist": [[10000.0, 10000.0, 10000.0, 10000.0, 10000.0, 10000.0, 10000.0, 10000.0, 10000.0, 10000.0, 10000.0, 10000.0, 10000.0, 10000.0, 10000.0, 10000.0], [5246.1849717827145, 5055.887296973844, 5046.653650826282, 5113.380381662799, 5129.505186820106, 5067.017059004907, 5066.61374700554, 5575.941659785311, 5016.641812067441, 5101.608291396771, 5360.9135122817925, 5646.596928252782, 5729.89752756942, 5531.820027407577, 5215.140992924803, 5078.98034149796], [6046.442507249399, 5359.878877198945, 5247.431575420707, 5541.26876247288, 5623.548980279916, 5350.1061656680695, 5444.515910413158, 7538.461750278175, 5080.352630930425, 5594.337367703, 6629.768277285127, 7126.845000467432, 7296.2748927128905, 7268.369075593831, 6282.960057018572, 5438.694282013801], [6726.892700202201, 5901.00360092263, 5494.426072248049, 6110.0864187894385, 6315.6826892904965, 5725.573138092637, 6093.151753605131, 9456.109667224418, 5146.835167250506, 6238.741106438766, 7686.639479475653, 8360.76266206732, 8743.792587119917, 8814.13944262216, 7607.717900287729, 5927.469743588426], [6935.555680259311, 6683.873881652723, 5802.461001671295, 6830.691073870771, 7222.735869291596, 6266.931812644416, 7028.449001134863, 11622.642836781888, 5187.0460597588635, 6848.807152958344, 8474.59948723928, 9446.8377661784, 10158.084729475187, 10443.225384051098, 9078.168807326652, 6613.918738043389], [6155.581542379654, 7201.482484084376, 5994.8082487441525, 7306.58848526036, 7869.781915858199, 6709.357321860375, 7743.4741028249155, 13162.225661910285, 5139.057393361628, 6949.8934065351805, 8526.39930199797, 9811.19541273131, 10918.631612671392, 11482.95538757849, 10070.940451877193, 7188.843099018847], [5579.500341191015, 7596.177136824648, 6231.949147687813, 7797.801520870974, 8543.446679051936, 7269.227849174241, 8421.83580807327, 14488.12526338439, 5127.677589972026, 6777.442405589084, 8138.090363533877, 9641.548728191097, 11224.318432970922, 12290.596416489387, 11013.988158821288, 7795.919769011064], [6195.289841940655, 8025.1954016923555, 6683.26207895073, 8456.561863191011, 9353.615800698992, 7998.686970001226, 9262.59596201194, 15863.295569301881, 5221.096374155362, 6749.755142857574, 8059.587049713247, 9361.51615533701, 11181.865639326865, 12952.322616246069, 12060.48027778791, 8538.43559493978], [5722.149512285354, 7996.007673444467, 6684.616030883098, 8446.716169194771, 9344.539575463363, 8007.414321938349, 9294.739012328704, 15917.071047489917, 5182.233999131467, 6679.214700290943, 7978.8688538691185, 9292.035389842904, 11102.73179588967, 12919.310000288426, 12072.958759746485, 8569.322561912517], [5563.702155132528, 8018.853508943463, 6768.981148683918, 8535.208688348497, 9438.605744280727, 8114.99329704153, 9440.173730586956, 16102.63414401042, 5174.709763849619, 6657.713477804937, 7981.47169780949, 9227.79048877947, 10967.822349275004, 12916.502635186558, 12206.13704304243, 8697.303843708758], [5520.061535788087, 8045.626100367429, 6910.431169107379, 8676.1564567087, 9581.988005302568, 8283.256003833092, 9662.851581904044, 16341.791168541924, 5176.902071592078, 6651.555127579256, 8020.789422837007, 9155.04301538611, 10729.601032788889, 12865.69182321876, 12395.361532988465, 8892.119412068872], [5548.6000569404505, 8048.104321682763, 7174.6258110670315, 8926.179294925974, 9844.117652870043, 8599.163810767932, 10103.3175173213, 16670.84730971194, 5174.856593653617, 6672.027356639793, 8062.743580132074, 9176.91424619917, 10301.846922286033, 12608.60899159399, 12711.522761676368, 9273.815428420085], [5577.633438902026, 7974.684427190414, 7363.842565554201, 9051.024810378707, 10072.215611642436, 8875.311726571865, 10494.210383280082, 16725.193597957397, 5159.440956275112, 6672.246029941428, 7988.554084790922, 9214.567689521233, 10257.998199186326, 12225.040376916688, 12901.49994082721, 9607.587947453898], [5585.683868986276, 7769.583947491287, 7670.665094336454, 9127.594169729591, 10438.1362322299, 9422.992854547316, 11233.808628258394, 16467.758259725015, 5116.00860782512, 6745.045888916339, 8111.3484405460795, 9225.483268907772, 10464.34062207114, 11577.68521884916, 13152.353804450564, 10235.8361480221], [5591.726914743122, 7678.924819325318, 7732.440250437535, 9118.25827379724, 10535.48709537364, 9634.899257995887, 11472.225574777107, 16300.310919277188, 5100.841056465335, 6704.602279692052, 7965.682105824256, 9211.412013748755, 10524.49665990414, 11521.960573725006, 13226.089096812833, 10447.119930022971], [5569.423800636889, 7555.468091040915, 7779.27666190643, 9051.320599121775, 10589.93829258531, 9879.11959803444, 11724.796118107017, 15981.300042830191, 5083.323245538429, 6700.521206138373, 7915.962686854632, 9225.897153819666, 10594.432165282278, 11563.342402177605, 13258.28691370658, 10674.432008785187], [5497.798517171042, 7228.335133580881, 7928.847913268847, 8885.85084087885, 10716.089362212117, 10549.754085315395, 12416.659515293593, 15141.650597174044, 5058.10378492266, 6748.735910978762, 7928.9139573375005, 9294.300676417517, 10661.093979235224, 11676.024345453685, 13337.57896082117, 11309.44412882218], [5464.898344384913, 7114.151599751618, 8121.724848438318, 8955.720014039476, 10884.574997519758, 11166.766150970307, 13049.14650504056, 14830.914714852725, 5122.246565022224, 6809.690377373757, 7990.720490649824, 9289.207277177155, 10592.704657448196, 11882.662491327977, 13496.27125688543, 11954.091098315663], [5431.86363912539, 7046.169554214151, 8217.021214851215, 9010.55854157877, 10948.127283116763, 11431.885654576832, 13332.299431784273, 14700.926980020999, 5148.063139699232, 6825.365709841083, 8022.374266598409, 9340.576982362609, 10532.569511025287, 11853.594613776995, 13537.766551919643, 12255.77986184205], [5426.162630033772, 6992.615102151607, 8284.180220789916, 9073.084123325758, 10953.139724198923, 11627.486551270787, 13530.149177897008, 14599.492920158587, 5184.972110530815, 6849.949471827084, 8054.71422384594, 9332.152427961017, 10467.070397004261, 11799.864546814957, 13504.708347591859, 12508.556142204643], [5420.7438807369535, 6989.898528865057, 8288.52459497563, 9127.107296327811, 10897.406347741537, 11667.814175504025, 13549.609636431089, 14598.305871769042, 5210.728275124685, 6845.856065919748, 8064.901668368963, 9348.780658527736, 10456.701203441085, 11796.618766112584, 13418.57739149415, 12599.541229458324], [5402.445016858304, 6997.3925325892105, 8278.966536247792, 9280.173960295697, 10701.426246288549, 11746.895152626386, 13556.047740289194, 14632.610075803852, 5271.071117052653, 6840.60686255366, 8078.251056982533, 9318.943929302954, 10474.148132521872, 11797.585462297962, 13137.261238121999, 12855.317088870519], [5455.3778131461495, 6984.660063574022, 8260.657557433458, 9397.738503493341, 10522.790735386132, 11843.258621176989, 13575.27880504285, 14599.74870285358, 5313.417222268208, 6824.263429100722, 8062.297481640946, 9334.807614316782, 10516.97597785965, 11829.475661875284, 12885.56016459766, 13109.598029243964], [5431.405841062878, 6994.027901206368, 8255.854326053477, 9356.009295868216, 10568.817766556598, 11804.258420307906, 13554.479050675272, 14617.269599262258, 5287.788559624938, 6825.722481787528, 8052.083512190077, 9308.949016343397, 10538.692601031957, 11824.815574545026, 12955.091096927348, 13035.23940142638], [5431.405841062878, 6994.027901206368, 8255.854326053477, 9356.009295868216, 10568.817766556598, 11804.258420307906, 13554.479050675272, 14617.269599262258, 5287.788559624938, 6825.722481787528, 8052.083512190077, 9308.949016343397, 10538.692601031957, 11824.815574545026, 12955.091096927348, 13035.23940142638]]}