{"losses": [54185062400.0, 23306446848.0, 10161724416.0, 2926307328.0, 1410843520.0, 696027008.0, 404067456.0, 311263552.0, 252456784.0, 241733056.0, 236678720.0, 229466416.0, 210316848.0, 199653456.0, 197803824.0, 198780240.0, 198022992.0], "E_hist": [[10000.0, 10000.0, 10000.0, 10000.0, 10000.0, 10000.0, 10000.0, 10000.0], [5056.920880523137, 5030.151469665269, 5037.023582750711, 5121.067775406342, 5022.272932147042, 5189.817877157267, 5237.709590549583, 5055.416521740253], [5700.729315029817, 5418.708648161566, 5491.124065785961, 6692.452567731451, 5345.401292433725, 6827.007897289608, 7068.460551901133, 5876.5735964294145], [6375.173158875063, 5835.61608798976, 6038.925742497108, 8301.185426363412, 5741.287213804548, 7903.0568228053235, 8491.37705452686, 6861.7587805108105], [7109.991029400526, 6409.392269297025, 6839.891205925627, 10332.553827415435, 6272.4877747913815, 8964.343910668675, 10108.970657780192, 8202.850349783475], [6967.781373215285, 6748.618594745359, 7391.882778278443, 11695.743053311311, 6407.913241285885, 9187.703767563831, 11056.332751800464, 9128.876757078457], [6150.792324240946, 7057.334355203719, 7925.398355079551, 12977.309816489855, 6303.598998840532, 8981.604493342025, 11772.631081407077, 10041.30275627617], [5848.725127236061, 7753.0869239178455, 8695.33851891127, 14142.452407036939, 6373.680739548506, 8923.148857692258, 11888.15803782513, 11083.798745382306], [5546.525810320714, 8405.659273597206, 9541.206253005003, 14982.201035262937, 6258.711194502795, 8430.940700322, 11675.101460301386, 12065.730735621602], [5652.893091465673, 8666.314599531408, 9799.722860233169, 15225.154128463111, 6342.057162374799, 8584.277093629486, 11522.713119813916, 12365.821173624525], [5639.002560022155, 8886.634750751242, 10054.470257122519, 15419.917271049539, 6366.012874840973, 8609.67942305365, 11363.80195229533, 12648.805709579397], [5541.626289422708, 9025.345217707472, 10297.774257457131, 15454.513296157567, 6382.882609299085, 8673.78123517073, 11206.207033494977, 12883.212230190617], [5533.36613915322, 9110.581559598773, 10523.091783220107, 15392.7066804434, 6401.722311021949, 8668.344894962222, 11119.331875290072, 13062.830647789207], [5404.916602846567, 9281.145454267165, 11284.061594511002, 14824.088996725712, 6478.225831039055, 8736.027524108198, 11006.110994019102, 13573.234908828743], [5312.122596771563, 9495.810186088405, 11968.117787829719, 14136.01860128946, 6641.501834031987, 8730.586004587369, 11099.5726299702, 14052.191572730324], [5286.468566413753, 9472.855140944306, 11987.977564012395, 13890.38825045088, 6607.845100460279, 8758.902739854671, 11130.211503736607, 14028.967134206265], [5296.351224945345, 9455.27595421843, 11910.022166574045, 13897.207905407085, 6606.143536123808, 8756.5478307576, 11144.171065006756, 13970.883050925064], [5296.351224945345, 9455.27595421843, 11910.022166574045, 13897.207905407085, 6606.143536123808, 8756.5478307576, 11144.171065006756, 13970.883050925064]]}