{"losses": [3922121984.0, 1963318144.0, 755072128.0, 186122208.0, 73038720.0, 37163772.0, 30261172.0, 20139602.0, 12161701.0, 6195436.0, 4296414.0, 3505637.75, 1864051.25, 1294977.875, 1177549.125, 993764.3125, 892319.9375, 701728.75, 636716.25, 539087.375, 456215.75, 416134.875, 405992.6875, 394529.75, 357287.0, 295165.21875, 222025.25, 187897.953125, 168786.375, 122492.6015625, 91107.2109375, 80848.1484375, 44871.39453125, 31131.43359375, 31205.03125, 27980.373046875, 23670.244140625, 22181.07421875, 18989.728515625, 17017.7421875, 15733.7783203125, 18089.8359375], "E_hist": [[10000.0, 10000.0, 10000.0, 10000.0, 10000.0, 10000.0, 10000.0, 10000.0, 10000.0, 10000.0, 10000.0, 10000.0, 10000.0, 10000.0, 10000.0, 10000.0], [5120.896506886476, 5056.116138615373, 5048.850728226272, 5048.361415638868, 5107.414076162535, 5205.946570521748, 5309.230755278154, 5376.592780714507, 5384.750368008466, 5325.6740030281535, 5221.685237567495, 5114.389750555477, 5053.113936304993, 5098.1230881912425, 5333.904052182525, 6053.124080546339], [5728.762477825422, 5462.984295955618, 5434.385197083882, 5363.847536358053, 5639.3384080464675, 6094.01634952805, 6513.600531160764, 6769.826902035773, 6834.237979163506, 6680.543465206755, 6277.436168943612, 5735.417243914882, 5386.590612989519, 5685.6717788504775, 6617.8285361191365, 8026.216600382503], [5395.910111735053, 5711.149586004583, 6210.720805491499, 6069.485412493259, 6625.148346071819, 7365.752807503275, 7920.209962592744, 8227.69928354244, 8347.963351709612, 8283.211453029453, 7838.188096908149, 6913.693132468225, 6073.201710775478, 6720.170192481416, 8223.408425651447, 9960.172726166], [6051.737925058676, 6215.376400522101, 7099.754075728875, 7096.009252629062, 7866.574041854453, 8649.238614171709, 9228.186341021363, 9629.977855913736, 9916.516285664125, 10070.02937564799, 9771.80491544483, 8726.290620018013, 7177.0668495993605, 7793.645654925446, 9626.094412728096, 11765.111750507858], [4932.840397305461, 5903.829851936394, 7420.79840383482, 7534.700076987837, 8311.491489067977, 9032.965163217938, 9617.501349887565, 10074.580343476986, 10446.090411267147, 10707.284289408912, 10474.020655376267, 9415.31538054732, 7611.692525176924, 8254.42373170498, 10323.997278791927, 12602.296178848943], [5231.060255182428, 5862.792757732729, 7647.4819872616645, 7907.924782309688, 8692.768108170187, 9357.489333182673, 9930.269241577467, 10429.905463695513, 10890.011289319607, 11272.333878372816, 11132.174081403373, 10086.909473841657, 8035.583154154792, 8635.067859789733, 10862.018889933403, 13252.377295323027], [5149.908893007011, 5676.576644849233, 7652.875406791272, 8024.032558654418, 8761.267336011415, 9353.497600764997, 9905.073668055296, 10432.554343935075, 10960.246376516618, 11432.277339624172, 11365.5265339599, 10358.513014583246, 8197.07875482038, 8773.88843806947, 11111.304634969962, 13514.933544336207], [5156.714327142806, 5288.546076541075, 7519.641167175802, 8166.074627195706, 8744.154011542703, 9130.733549054165, 9613.238675729574, 10201.940983029506, 10897.943134155115, 11593.856910467282, 11724.89707770388, 10853.897482388376, 8481.928324623826, 8993.548085897464, 11581.865963744423, 13945.10220639332], [5220.573556681676, 5240.762269645044, 7295.281896440404, 8281.364525965164, 8623.240324799339, 8745.1045643443, 9158.594638884277, 9814.75406911192, 10697.64238671058, 11671.042119639342, 12081.166561194865, 11432.608399775283, 8820.279170079117, 9232.986204779598, 12137.830680769466, 14388.710366683963], [5171.224681050637, 5775.096803340318, 6962.181610874574, 8442.362786188773, 8428.99743424964, 8384.341257047661, 8840.092779924782, 9447.355394049866, 10359.661941493508, 11551.947912786538, 12392.174808248717, 12212.352092785794, 9325.592827246797, 9633.797993554243, 12976.915677889005, 14914.060749644268], [5279.9270594370355, 5738.104103705337, 6734.413085432125, 8460.199776963806, 8274.0421393397, 8341.045201774601, 8951.474440075339, 9462.641304697843, 10187.280458211564, 11268.615432574888, 12247.562866660488, 12364.585186748212, 9483.628207007618, 9810.742103204928, 13277.64777766088, 14927.36083580986], [5283.292760230537, 5777.37594969113, 6591.497876007749, 8475.111522968231, 8163.236076141005, 8353.694200092168, 9094.953413982159, 9531.094358935214, 10096.040469450543, 11046.278418254577, 12108.426497773346, 12465.635179420371, 9609.044765701548, 9956.827644085202, 13500.368101296137, 14897.085657266842], [5252.0296149706855, 5810.715460898638, 6427.974901794116, 8528.981809123254, 7909.724508845292, 8336.087713521787, 9199.688356903438, 9663.787185983385, 10251.778118367685, 10825.429139442302, 11849.367179768458, 12792.212834318298, 10032.160436234357, 10415.425425132513, 14083.881810689874, 14648.800127543223], [5222.43687709238, 5817.613289565334, 6400.132260848121, 8532.068026241908, 7816.517958164362, 8474.982754253415, 9166.710234133043, 9549.071430001473, 10333.623468823876, 10841.59180210629, 11654.968988608596, 12978.25136080043, 10396.610752687922, 10795.16539567895, 14499.739642442002, 14451.376733063205], [5220.226485469782, 5824.540387346647, 6417.456459067836, 8511.070387123904, 7784.713479288139, 8507.696152773886, 9104.115668787039, 9496.780460671756, 10382.959147342091, 10899.037286587078, 11569.446757880423, 13018.563106004529, 10546.94709776969, 10943.779603015013, 14637.635025421361, 14380.556524367792], [5226.372162780753, 5839.275803468423, 6463.873274460068, 8413.923233006066, 7739.4980233764645, 8487.842989985547, 9014.760372980885, 9521.71273519762, 10387.601462188468, 10970.603673997359, 11393.543685889408, 12951.728011370906, 10735.556806068736, 11110.971927003462, 14728.520909844998, 14391.62685059587], [5247.388712312403, 5852.71784925052, 6508.012407164894, 8361.514299895018, 7734.133474096219, 8499.799053510667, 8992.430184868572, 9559.894223725456, 10384.139280719277, 11028.635401985073, 11315.53952499283, 12917.330819909936, 10853.829076151922, 11213.885667652265, 14779.067420868256, 14431.704039231832], [5255.120467031457, 5858.623052323102, 6567.94113125512, 8214.665265994237, 7696.105561877493, 8455.419115248174, 8897.258211498942, 9616.919951653714, 10312.729240928333, 11099.570239260973, 11105.191994696394, 12768.016522692582, 11037.619003700118, 11362.881249834703, 14808.845743818063, 14525.954256424006], [5259.638166004513, 5849.559731099578, 6606.253839920568, 8152.380515731215, 7697.660817518399, 8462.283843902045, 8886.547211657162, 9638.994550105039, 10235.30357743525, 11132.205625494924, 11066.303986615949, 12705.077361387283, 11105.77125113491, 11417.20028178537, 14794.80152651542, 14579.321700066666], [5269.233187392073, 5837.389698175874, 6685.710927742342, 8032.482959482675, 7687.378923986745, 8474.648369680692, 8890.98780343834, 9708.05403636217, 10079.227237921952, 11187.025101830797, 11035.360808223624, 12598.126179144441, 11240.483524825979, 11532.021860880173, 14753.675752393307, 14637.272556645543], [5273.365395728014, 5828.348331935038, 6743.016483535986, 7915.258966746522, 7645.584167243381, 8462.229132386135, 8861.242559504639, 9779.076487318265, 9982.624282046134, 11240.565339692053, 11043.724182442616, 12541.993433902348, 11410.561335226635, 11693.650722736544, 14735.1141575571, 14624.40970227018], [5283.234326514962, 5822.8133550711, 6755.884279764631, 7807.388963490019, 7583.050113139658, 8463.966266753932, 8821.075290199964, 9843.445429795716, 9942.649057082213, 11262.97070237544, 11083.014151286414, 12542.039855200592, 11614.67079153529, 11909.156112236913, 14743.68478221529, 14547.569756265395], [5275.954850665299, 5824.455222697133, 6759.547119311364, 7799.169844358697, 7587.309487870556, 8473.344271266298, 8815.470643406356, 9851.449308372186, 9954.272409512914, 11273.589526640677, 11100.340243918748, 12544.777908418968, 11635.55796912494, 11933.518140546998, 14737.981574087118, 14543.450804922119], [5269.268950451136, 5826.1440997511745, 6743.231365147869, 7778.6884893565375, 7591.953244909659, 8496.357832328113, 