{"losses": [4615995392.0, 2026455680.0, 858897728.0, 190094496.0, 74196600.0, 53958492.0, 32442516.0, 28403694.0, 20574480.0, 12470540.0, 6239597.5, 5237058.0, 4955955.5, 4745557.0, 3969002.0, 3638779.5, 2807295.5, 2512956.25, 2397381.0, 2237943.25, 2210404.0, 2193512.5, 2182391.75, 2181912.5, 2189044.25], "E_hist": [[10000.0, 10000.0, 10000.0, 10000.0, 10000.0, 10000.0, 10000.0, 10000.0], [5033.855752700557, 5018.605398290215, 5059.984410052025, 5131.268418981991, 5135.9990575404045, 5064.325133763892, 5028.947037654783, 5265.4952022497055], [5644.6528214160635, 5455.159416932013, 5952.9178975114955, 6692.254963534613, 6831.028029995687, 6127.934748993123, 5577.552830706198, 7303.436183315907], [5600.401635957839, 6137.258024889316, 7040.812125207425, 8002.946889298128, 8259.681001051982, 7429.643889108589, 6354.676331217526, 8905.730561350063], [5571.099007576909, 7142.228105873851, 8358.759277117462, 9449.829990216886, 10010.459578620726, 9313.627273560913, 7418.301743911526, 10623.262150952038], [4799.402631554383, 7749.92290078767, 8995.65572390677, 10002.265215711022, 10916.051662946009, 10546.707944272694, 8131.054119540539, 11891.634583750925], [5549.450759868, 8134.211436447614, 9413.128773385939, 10360.146837890032, 11556.477452433588, 11467.970114932981, 8637.117120819392, 12667.296057101872], [5268.7503745657295, 7977.320000467145, 9206.933203734196, 10139.344644843728, 11301.017080176602, 11190.367221156153, 8475.657890014207, 12465.509920667364], [5189.939720911712, 7953.206208490137, 9130.664132710197, 10015.876297224206, 11263.236189395095, 11255.648815750823, 8503.751247634518, 12571.594100176466], [5129.571914429185, 7912.238296237023, 8942.30833628633, 9685.12129850715, 11205.215330444045, 11532.762498078737, 8635.851689796009, 12949.668965865343], [5190.033757691446, 7849.008447446675, 8658.202792592903, 9210.36687009527, 11113.416304937093, 11969.541476629905, 8854.73302461895, 13535.41279852317], [5341.705559524655, 7757.643004159171, 8386.002815480904, 9141.545928681824, 10821.921720715914, 12308.299361187817, 9143.955318965367, 14130.162257402646], [5412.127133365495, 7720.53021336922, 8278.443456601666, 9221.300764734156, 10674.971095194567, 12454.390407048762, 9322.712071875521, 14423.987476675706], [5422.787766520783, 7700.688745532733, 8232.258184730566, 9254.616436665028, 10616.776885375943, 12498.65529662446, 9408.990937390394, 14538.21304463076], [5420.4700990487745, 7635.537461604516, 8149.97313078758, 9310.540698474, 10574.887691924914, 12441.817631474078, 9608.831392156144, 14643.118563536806], [5408.186490712521, 7457.037083377367, 8023.786866853664, 9423.560966342955, 10526.415106035052, 12159.714145039748, 10169.70965946741, 14796.043835534087], [5411.076188177072, 7384.829336423568, 8012.474215266228, 9425.672907162789, 10537.538920136207, 12001.85019459554, 10433.550253524916, 14798.219613705474], [5408.73629285321, 7281.310170920084, 8061.764881467838, 9342.743702918942, 10680.126757995904, 11700.199454417769, 11262.985022396353, 14750.029572786863], [5453.145991581728, 7206.84722736647, 8005.937095794215, 9293.867687440787, 10582.061532217796, 11613.401732159138, 11704.411198300633, 14682.385245789228], [5449.287777641969, 7239.083886122203, 8042.109078702217, 9252.082828845794, 10605.480195572107, 11657.762137022104, 11842.600670657788, 14638.683196790826], [5438.38999480031, 7262.692844375667, 8055.3123293430735, 9229.112543520749, 10589.367408589222, 11709.388039686095, 12183.033415264506, 14575.47995886518], [5443.645504664772, 7265.076875225547, 8052.871959335457, 9258.196466497287, 10581.33049804884, 11722.194147396895, 12248.268661387021, 14556.288285141869], [5434.602703938365, 7264.866669958746, 8039.456899401645, 9259.45096328299, 10549.401601527268, 11749.62898978534, 12419.466348495433, 14542.311359756955], [5430.791474306647, 7256.248806356152, 8023.169526222238, 9265.721775436743, 10529.139287515052, 11761.451678795684, 12519.084784355218, 14541.762783992695], [5430.798470784227, 7249.386185675209, 8015.34134906213, 9272.819235405439, 10527.766202925863, 11762.872447095842, 12508.992839096645, 14550.682475449272], [5430.798470784227, 7249.386185675209, 8015.34134906213, 9272.819235405439, 10527.766202925863, 11762.872447095842, 12508.992839096645, 14550.682475449272]]}