{"losses": [3607750912.0, 1515401856.0, 539951552.0, 158099056.0, 91261256.0, 61136036.0, 56130320.0, 27685420.0, 24326456.0, 22767804.0, 22030774.0, 20180330.0, 16983730.0, 14227338.0, 12580668.0, 11042924.0, 10783262.0, 9706475.0, 9480938.0, 9489941.0], "E_hist": [[10000.0, 10000.0, 10000.0, 10000.0, 10000.0, 10000.0, 10000.0, 10000.0], [5160.450749585708, 5294.5535449730005, 5310.16312789946, 6079.908581184993, 5050.991956083373, 5476.455822794712, 5497.230658172391, 5107.081270020105], [6160.521920656847, 6078.200569630701, 6323.875960769043, 8068.558580391318, 5323.847488760231, 7066.441076940388, 7346.820827655627, 5565.167640033369], [6047.618032985299, 6710.527602988479, 7282.757563450958, 10090.65738494125, 5713.273477923686, 8613.690829645584, 9038.217326326532, 6197.0913071225405], [6220.67994646707, 7270.895841821914, 8515.391476971663, 11683.735446120274, 6091.305019971973, 9985.623033144124, 10790.56409748608, 7010.565058551186], [5083.933427705564, 7544.8414476957605, 9413.46183250608, 12828.552144863872, 6099.968720874412, 10551.337798777422, 11761.469100552427, 7559.145762427092], [5564.144059685795, 7719.407962124165, 9759.449592592178, 13112.483236399059, 6079.6264820512215, 10659.555447276247, 12022.43453127752, 7765.925759130832], [5523.124874919575, 7768.304286549658, 9896.30946149857, 13211.814745959891, 5990.149679812666, 10589.160075513293, 12056.175411514589, 7836.431406001014], [5327.6010088213025, 8405.105199926531, 11214.869804198734, 14140.205053618221, 4831.248459116311, 9589.97399063383, 12210.999202349292, 8610.137208532058], [5408.455179623273, 8592.209762055063, 11270.244393093826, 14300.825119678979, 4800.772695314466, 9553.428251306132, 12210.485167540277, 8816.99689660986], [5479.3540541254, 8825.982643213647, 11305.326529699536, 14482.462641473961, 4752.375664580433, 9458.306236751854, 12167.804686188523, 9093.033325584014], [5505.313534496668, 8979.643982860442, 11260.192264701236, 14582.987724102728, 4767.163236068753, 9389.781506211106, 12110.433241857854, 9307.88687761142], [5517.841495807574, 9231.23441092171, 11093.1158163504, 14737.481468596816, 4868.548744996157, 9229.538491705054, 11990.884764483333, 9788.032448103277], [5498.71853598264, 9472.156220046605, 10842.982939222586, 14899.534205026574, 5063.148329802223, 8827.220355058393, 12008.392674045683, 10866.865426664197], [5423.94414558018, 9654.790666828181, 10543.094641498557, 14898.447942132709, 5342.205514909972, 8449.93736359022, 12266.42402106513, 12304.232859781867], [5362.065161758571, 9724.097890382409, 10365.347867694414, 14749.655631812386, 5511.807080245445, 8245.562370403424, 12587.581501187495, 13370.237173614243], [5308.770323558307, 9811.351213177251, 10199.807606523716, 14370.715180858311, 5621.502124786513, 8043.288024959825, 13024.85725693157, 14645.01092018859], [5113.502316540605, 10322.50191109633, 10204.211984078614, 13971.33604576881, 5531.364177717921, 8086.01247837812, 13625.72376812463, 16255.933477651584], [5176.9932888000085, 10499.663037309494, 10171.843487610113, 13868.970253007985, 5506.948849477375, 7757.10084871779, 13737.5261471516, 17036.427511519705], [5203.955941119017, 10446.754911899961, 10175.936168421598, 13930.96132358619, 5542.012258374817, 7841.0124261559495, 13635.399556935594, 16724.416367225058], [5203.955941119017, 10446.754911899961, 10175.936168421598, 13930.96132358619, 5542.012258374817, 7841.0124261559495, 13635.399556935594, 16724.416367225058]]}