{"losses": [3336946432.0, 1334681344.0, 449323552.0, 110241088.0, 49531684.0, 32352678.0, 25469980.0, 23276392.0, 18359944.0, 15360000.0, 13067254.0, 12382362.0, 12275192.0, 12258962.0], "E_hist": [[10000.0, 10000.0, 10000.0, 10000.0], [5175.676840008691, 5640.423427100782, 5670.847291563839, 5985.994114235228], [5692.809107334238, 7100.4633126427125, 7372.169595172774, 7703.325665905239], [5668.91823003555, 8414.418363067722, 8917.088073651934, 9372.69700806291], [5482.452930629768, 9490.475365052353, 10402.744021613147, 10812.794822847349], [4842.749015187324, 9841.845976167913, 11216.369563677126, 11879.892666620586], [5228.796543956592, 10084.308080879491, 11844.639917249555, 12556.0126448071], [5085.174633629846, 9953.60045387553, 11729.052653578818, 12512.206101338561], [5047.965173797653, 9844.965789002143, 11736.907144807132, 12625.40533940037], [5046.578774715838, 9520.260216599427, 11793.337309952985, 13023.404430369384], [5144.042611826843, 9249.12997308478, 11786.99963784799, 13386.777470266468], [5262.078100145854, 9132.81004555408, 11633.10999475334, 13783.408158668659], [5343.146756950862, 9097.784267739496, 11458.03362036098, 14056.877490584087], [5351.375382523099, 9107.609462710536, 11392.251734666932, 14120.38588478173], [5351.347731324772, 9107.657320759114, 11392.197299336562, 14120.40260121359]]}