{"losses": [0.028781341388821602, 0.011786048300564289, 0.009554780088365078, 0.009367391467094421, 0.009363628923892975, 0.009361186064779758, 0.00939617957919836, 0.005079659633338451, 0.0035121431574225426, 0.0030932826921343803, 0.002714663278311491, 0.0027146493084728718, 0.0015128330560401082, 0.0003943315241485834, 0.0003541594778653234, 0.000330738170305267, 0.0003307284787297249, 0.0003310838947072625, 0.0003305345308035612, 0.00033032192732207477, 0.0003303363046143204, 0.00032051713787950575, 0.00021692544396501034, 7.36945221433416e-05, 7.179025851655751e-05, 7.091824227245525e-05, 7.07661674823612e-05, 6.891498196637258e-05, 6.855159881524742e-05, 6.85779596096836e-05, 6.852673686807975e-05, 6.853761442471296e-05, 6.852750811958686e-05, 4.111777525395155e-05, 2.966398824355565e-05, 2.892897100537084e-05, 2.812219645420555e-05, 2.808433237078134e-05, 2.828137257893104e-05, 2.7972711905022152e-05, 2.8278325771680102e-05, 2.0550827684928663e-05, 3.82508551410865e-06, 2.304443569300929e-06, 2.272703341077431e-06, 2.272067149533541e-06, 1.9767337562370813e-06, 4.296757936117501e-07, 4.326342377680703e-07, 4.1199939460057067e-07, 3.860146478018578e-07, 3.844990601464815e-07, 3.48878188560775e-07, 3.4805168525053887e-07, 3.480726320503891e-07], "E1": [10000.0, 10140.514614102216, 10279.32966441469, 10468.967954778833, 10537.309374866813, 10599.305005303673, 10599.66798049827, 10599.709508425465, 10683.91800623348, 10950.173605104705, 10960.785046873974, 10951.077530654424, 10951.082043836594, 10952.038132056523, 10952.189981808166, 10952.189981808166, 10970.725147082087, 10993.182257636867, 10997.447583978119, 10999.020012392935, 10999.578776637201, 10999.356545815277, 10999.356551900148, 10999.356559151565, 10999.847769886554, 11000.487666837045, 11000.481192470257, 11000.419121889325, 10999.838644461594, 10999.838644461594], "E2": [10000.0, 9826.055481385147, 9125.847797521199, 9086.67647048954, 9091.266403916306, 9089.579026652555, 9089.51845897556, 9089.487288517248, 9100.675226757168, 9078.801110835862, 9050.901010033002, 9019.293687373118, 9019.293570489328, 9019.450031172733, 9019.44198493568, 9019.44198493568, 9021.658715360338, 9015.553719025003, 9008.229538882377, 9000.218113998419, 9000.209466232967, 9000.317354489973, 9000.31735160064, 9000.317347815459, 9000.580845440561, 9001.025367395185, 9001.020428051132, 9000.917083113385, 9000.071076430855, 9000.071076430855], "E3": [10000.0, 9742.551077556047, 8470.8316627921, 8185.799490445433, 8129.805379185722, 8090.300726978965, 8089.990608805826, 8089.9168961121595, 8092.876445884904, 8029.739170814223, 7999.501554647443, 7972.824455913703, 7972.82422033446, 7973.072041581048, 7973.075938689295, 7973.075938689295, 7982.695385372593, 7992.746681299561, 7994.494542548758, 7994.4569711692875, 7994.306625519712, 7994.31008998826, 7994.31008665171, 7994.310082804051, 7995.140312299671, 7998.856078443789, 7998.868806739233, 7999.0264214383305, 7999.979768119467, 7999.979768119467], "F": [45000.0, 46365.0, 50129.94407814232, 49755.02847843589, 49216.89657724579, 49216.89657724579, 49216.89657724579, 49237.89657724579, 49406.78497133316, 49819.60752042219, 49830.421135446355, 49840.04432703644, 49845.2845523657, 49877.43996600334, 49878.88470072795, 49878.886835601035, 49881.68645529456, 49881.68645598293, 49881.68645598293, 49902.68645598293, 49979.63731032871, 50000.82804547263, 50002.79754853826, 50002.79754853826, 50001.79754853826, 50001.7992646187, 50001.7992646187], "it_hist": [7, 5, 5, 1, 3, 12, 8, 5, 6, 3]}