{"losses": [0.02051272988319397, 0.01698310300707817, 0.009020309895277023, 0.008986955508589745, 0.008693932555615902, 0.008690531365573406, 0.008689881302416325, 0.00868995487689972, 0.008313347585499287, 0.0027458996046334505, 0.0012397734681144357, 0.0004266289179213345, 0.0004263017326593399, 0.00042630190728232265, 0.00042629518429748714, 0.0004262966103851795, 0.0002238123124698177, 0.00011596903641475365, 0.00010097987978952006, 0.00010084125824505463, 0.00010054881568066776, 0.0001005430895020254, 0.00010053991718450561, 0.00010054163431050256, 0.00010048224066849798, 0.00010047737305285409, 0.00010047969408333302, 6.766588194295764e-05, 4.6082830522209406e-05, 4.611257099895738e-05, 4.604741479852237e-05, 4.229009209666401e-05, 3.600794298108667e-05, 3.4510834666434675e-05, 3.452036253293045e-05, 3.235318945371546e-05, 9.676562513050158e-06, 8.6586578618153e-06, 8.657432772452012e-06, 8.626732778793667e-06, 5.0596681830938905e-06, 5.0591879698913544e-06, 4.889157480647555e-06, 2.091805072268471e-06, 2.0976826817786787e-06, 2.097436663461849e-06, 2.0488676000240957e-06, 1.81797679488227e-06, 1.811053493838699e-06, 1.811411266317009e-06, 1.8014056877291296e-06, 9.089892500924179e-07, 8.657577268422756e-07, 8.658524848215166e-07, 8.291109452329692e-07, 8.290164146274037e-07, 8.291989956887846e-07, 8.277976348836091e-07, 1.9381778315619158e-07, 1.9387441341223166e-07, 1.9365847947483417e-07, 1.911503488827293e-07, 1.0310316156392219e-07, 1.8144089608540526e-07, 6.272716746025253e-08, 7.562254040749394e-07, 5.657669177594471e-08, 5.663136803946145e-08, 7.55132361973665e-07, 5.659984481098945e-08, 5.6648911339607366e-08, 5.661818391899942e-08, 5.8008051695424e-08, 5.7487945070988644e-08, 4.6218350036042466e-08, 4.090827232516858e-08, 4.0384435351370485e-08, 4.038385981175452e-08, 3.975035767211921e-08, 4.033566014527423e-08, 4.03599820231193e-08, 4.0400202294677e-08, 3.972813544805831e-08, 4.0370807141698606e-08, 4.023038258083034e-08, 4.036134626517196e-08, 5.390545254613244e-08, 6.07242824912646e-08, 6.128644969294328e-08, 5.22132879154924e-08, 2.2869491544952325e-07, 5.3050438708623915e-08, 5.269269465202342e-08, 5.298117500274202e-08, 5.306134553961783e-08, 5.2875247291694905e-08, 5.261523483568453e-08, 5.292075755392034e-08, 5.288645255063784e-08, 5.2919201465329024e-08, 5.297031080431225e-08, 5.2856616861163275e-08], "E1": [10000.0, 10204.645154599832, 11159.2003894087, 10824.27450138195, 10843.759720272734, 10864.344914268198, 10864.608404244333, 10864.673895954129, 10864.673900169284, 10902.039477996062, 10985.054711252285, 10964.766582922071, 10965.883697021127, 10966.826305198356, 10966.834677602488, 10966.842421295361, 10966.842436778377, 10966.963866576185, 10966.96886541508, 10966.96886541508, 10966.983762220758, 10976.249343185196, 10996.140165758745, 10994.417076778933, 10994.417076778933, 10996.615963196306, 10998.724902667536, 10998.724912125315, 10998.45111274836, 10998.857598032717, 10999.896209217566, 10999.896209217568, 10999.61292584551, 10999.612928962744, 10999.612928962744, 10999.618368007677, 11000.034909430618, 11000.034909430618, 11000.03427232419, 11000.034272228146, 11000.034272228146, 11000.034261967856, 10999.900659760426, 10999.892214913685, 10999.8922149173, 10999.899494881269, 10999.899494881269, 10999.904551472746, 10999.905585991592, 10999.905585991592, 10999.905585991592, 10999.905585991592, 11000.016658212387, 11000.016658212387, 11000.015989585343, 11000.015989585343, 11000.0159876519, 11000.0159876519], "E2": [10000.0, 9923.391100770665, 9073.177985963974, 9307.688413031183, 9290.061506633572, 9268.879904739055, 9268.839667185342, 9268.84690392816, 9268.846905020546, 9221.133910561673, 9090.788166736796, 9046.047929636257, 9045.077578823239, 9044.435344147327, 9044.430869937896, 9044.426728142042, 9044.426670397994, 9043.851011758856, 9043.82608253506, 9043.82608253506, 9043.823868423571, 9038.91805423465, 9024.606305107394, 9021.867993814682, 9021.867993814682, 9019.317953392643, 9007.984772149974, 9007.984752501272, 9007.062699005583, 9003.164438488126, 9001.71703997587, 9001.717039975865, 9001.320946666468, 9001.320945307782, 9001.320945307782, 9001.319590468356, 9000.837625915243, 9000.837625915243, 9000.837014007038, 9000.837013914968, 9000.837013914968, 9000.83700401401, 9000.701517777905, 9000.544331654908, 9000.544331642606, 9000.54063619423, 9000.54063619423, 9000.537609738525, 9000.536676165892, 9000.536676165892, 9000.536676165892, 9000.536676165892, 9000.454035400931, 9000.454035400931, 9000.452207567792, 9000.452207567792, 9000.452202621655, 9000.452202621655], "E3": [10000.0, 9738.212992572817, 6912.095655126886, 8289.960234037162, 8209.306884486265, 8068.473210963825, 8067.51389490511, 8067.374618070368, 8067.374610591296, 8007.77357240035, 7946.839284807746, 7956.847218961428, 7958.445802404907, 7959.139684968592, 7959.143780551655, 7959.147542372893, 7959.14757483077, 7959.5214021636575, 7959.534554529444, 7959.534554529444, 7959.546627550356, 7971.663836925035, 7990.223140305713, 7987.3779422373045, 7987.3779422373045, 7991.074182539214, 7999.108092938249, 7999.108083318025, 7998.834493749021, 7998.050712549648, 7998.140726639265, 7998.140726639268, 7999.014145565881, 7999.014147454496, 7999.014147454496, 7999.020513589024, 7999.791359496139, 7999.791359496139, 7999.7914250455715, 7999.791425056254, 7999.791425056254, 7999.791426045797, 7999.81051207543, 7999.8514487619195, 7999.85144876682, 7999.854260219572, 7999.854260219572, 7999.856218041802, 7999.856819449672, 7999.856819449672, 7999.856819449672, 7999.856819449672, 7999.951085521018, 7999.951085521018, 7999.950746472177, 7999.950746472177, 7999.950745646116, 7999.950745646116], "F": [45000.0, 45085.0, 46950.00122183381, 48035.07683491097, 49495.6696010988, 49497.2484685459, 49497.28614174532, 49497.28615434779, 49497.28659816941, 49652.68659816941, 49840.93998350932, 49840.93998350932, 49861.93998350932, 49945.754324598194, 49951.60427849878, 49951.60427849878, 49956.60427849878, 49983.669657713646, 49983.562118945, 49983.562118945, 49984.562118945, 49991.9864968227, 49992.854649039116, 49992.873067815475, 49993.873067815475, 49994.79143605329, 49994.79143605329, 49994.79143605329, 49995.79143605329, 49997.886168166944, 49998.286750819934, 49998.286750819934, 49997.286750819934, 49997.36636542289, 49997.38272148822, 49997.38272148869, 49997.38272148869, 49998.38272148869, 49998.38272148869, 49999.38272148869, 49999.38272148869, 49999.38272148869, 49999.38272148869, 49999.528240640975, 49999.4680260829, 49999.40691270108], "it_hist": [8, 8, 11, 3, 5, 4, 3, 4, 4, 4, 3, 3, 1, 1, 2, 4, 1, 0, 1, 0, 1, 0, 1, 2, 3, 1, 2, 2, 4, 2, 1, 2, 2, 0, 1, 1, 1, 1, 2, 3]}