{"losses": [303346745344.0, 289063927808.0, 253099327488.0, 228749377536.0, 227131965440.0, 225729445888.0, 225296171008.0, 224981958656.0, 224647774208.0, 224349356032.0, 224302923776.0, 224243580928.0, 224239140864.0, 224236634112.0, 224235077632.0, 224232947712.0, 224232964096.0, 224232603648.0], "E1": [1000.0, 966.100529639509, 1050.10031738891, 2305.950524219034, 4452.177850895681, 4966.289741061972, 5902.457849664794, 6573.568372827269, 7277.161403273037, 8210.160125844952, 9416.730043386347, 9763.3239763932, 10677.654872851072, 10973.515152852935, 11097.049026661543, 11232.932857573387, 11318.950875151064, 11318.432886892133, 11318.432886892133], "E2": [1000.0, 1164.8233625500955, 2077.170761475243, 4307.790524036025, 8061.124161156306, 8840.965399076718, 9899.981572752284, 10263.792062243081, 10187.040787184436, 9505.685499076591, 7988.735361859217, 8045.207502307496, 8508.589560374727, 8428.630120371077, 8370.637602717836, 8357.501097593473, 8369.28941707559, 8369.919039761819, 8369.919039761819], "E3": [1000.0, 1285.4109535401496, 1992.0013561892094, 4001.7777963094068, 7572.001695711181, 8347.408101964475, 9492.790502489257, 10039.316561172864, 10309.880620212047, 10292.15565305715, 9762.526547442325, 9487.448706844682, 8658.940807134635, 8790.254703722185, 8759.213732113354, 8757.49636778567, 8816.133736324788, 8816.817951129795, 8816.817951129795], "E4": [1000.0, 1080.657750193398, 1530.4237062319999, 2756.498223816762, 5454.961031716242, 6088.920268207206, 7182.060965929941, 7938.773887498137, 8737.742084492158, 9838.833798173308, 11292.38613866316, 11434.630222144975, 11626.621025263896, 11896.651535963709, 11791.483277006815, 11531.752442313571, 11083.505724730006, 11085.513958045682, 11085.513958045682], "F": [5], "it_hist": [18, 0]}