{"losses": [81144872960.0, 66044542976.0, 27688407040.0, 4908722176.0, 2929891328.0, 1420705536.0, 984819328.0, 731730176.0, 484503488.0, 194949056.0, 113179704.0, 88550152.0, 78447872.0, 76887568.0, 73790024.0, 72444752.0, 72412680.0, 72419880.0, 72405112.0, 72414832.0, 72429560.0], "E1": [1000.0, 965.5909371616979, 1069.1975636516959, 2430.9467044834173, 4390.842131859157, 4962.640904729198, 5895.087149972922, 6562.641105182724, 7213.44312735551, 7981.203367743638, 9096.436233598373, 9889.654434347513, 10076.608117484433, 10494.475594088257, 10625.013106768687, 10884.630518119608, 11017.816214502258, 10997.137072856232, 10996.896376775978, 10996.896319213314, 10996.895308749208, 10996.895308749208], "E2": [1000.0, 1177.5048927977602, 2143.105403646926, 4596.982289890311, 8132.024899491455, 9059.78907147675, 10262.399477094335, 10772.321186406305, 10867.41732823419, 10487.746969083328, 9321.113599879765, 8590.821537154865, 8882.065063650773, 9055.407373852813, 9044.01456213882, 9018.639228864755, 9014.569421726848, 9002.664866949399, 9002.756313423457, 9002.756356697517, 9002.756141070484, 9002.756141070484], "E3": [1000.0, 1279.38085119713, 1987.586530347918, 4103.373629938888, 7384.926913650855, 8249.438551321706, 9430.155961925035, 10026.535519955882, 10336.325677331839, 10378.96023467981, 10011.109065750337, 9406.18754224275, 9029.793593961082, 8956.585163913967, 8919.31311342858, 8925.707775714003, 8988.004812139687, 9008.755438980752, 9008.639427124546, 9008.639439278935, 9008.640164409198, 9008.640164409198], "E4": [1000.0, 1074.400063251402, 1533.6891780804485, 2823.299189086444, 5446.315427514769, 6127.91984585398, 7190.989997643602, 7916.617760112019, 8610.729361673737, 9444.232481651774, 10670.580251260517, 11338.181870213179, 11351.23967218065, 11743.332101880142, 11721.334416964897, 11417.58318175887, 10988.637132710552, 11010.408513200011, 11009.710222312357, 11009.710013063592, 11009.706222888268, 11009.706222888268], "F": [5], "it_hist": [21, 0]}