{"losses": [1908317056.0, 1838967808.0, 1827712640.0, 1823753728.0, 1816008832.0, 1815468672.0, 1815403264.0, 1815422720.0, 1815402624.0, 1815414528.0, 1815437952.0], "E1": [10000.0, 10022.780086214278, 10359.30126153431, 10415.069637849156, 10543.320663799865, 10979.455419626092, 11008.978583302016, 11002.29707390345, 10993.445647076027, 10983.313451239745, 10983.31345123922, 10983.313244562443], "E2": [10000.0, 9764.071692091355, 8921.583231086905, 9135.181298173968, 9127.229904336507, 9039.788261715637, 9044.660024170056, 9021.424401925424, 9027.90213342727, 9030.555161945545, 9030.555161945724, 9030.555255545507], "E3": [10000.0, 9754.969838591342, 8860.97101758329, 9081.487964261354, 9075.161916479232, 9001.269208705125, 8954.352742516305, 8971.509147193823, 8962.27061021997, 8960.1063181061, 8960.106318106193, 8960.106220488806], "E4": [10000.0, 9992.246213861541, 10143.755362824388, 10202.328349902351, 10300.999953534581, 10791.256952145697, 10982.682753424866, 11023.110716862453, 11040.751903114535, 11050.279799112697, 11050.2797991123, 11050.27943366635], "F": [5], "it_hist": [11, 0]}