{"losses": [21979488256.0, 21928384512.0, 21921056768.0, 21892214784.0, 21878749184.0, 21872156672.0, 21871300608.0, 21870909440.0, 21870268416.0, 21870071808.0, 21869955072.0, 21869969408.0, 21869887488.0, 21869905920.0, 21869950976.0], "E1": [15000.0, 13220.919002319633, 12999.989925739006, 12791.360532949613, 11588.502329767372, 10823.153976691363, 10910.572411704303, 10946.110794163644, 10972.268170934853, 11029.949239585287, 11071.13616404221, 11080.597290480911, 11069.952087525819, 11070.68789281353, 11070.687954639654, 11070.687954639654], "E2": [15000.0, 9176.035576028677, 8753.776749734587, 8702.768397079846, 8651.015515275516, 8816.379358193943, 8918.632412892435, 8967.787999296661, 8992.628195466714, 9010.07852924934, 8963.00294981736, 8968.470356110638, 8967.50703715139, 8966.814399506033, 8966.813885295313, 8966.813885295313], "E3": [15000.0, 9143.215284757023, 8741.558651140005, 8699.394810248772, 8681.385487672645, 8775.474176075435, 8940.185188526604, 8986.224517122639, 8994.493909156015, 8987.544381462523, 9004.424640604268, 8978.973102414559, 8971.70452844025, 8971.290241251612, 8971.290840953154, 8971.290840953154], "E4": [15000.0, 13406.000792495151, 13267.679181790993, 13147.027162508391, 12449.563128829779, 11938.112725002482, 11704.258158790466, 11562.553202681953, 11438.859749175946, 11181.223589783689, 11054.625545794694, 11107.022507651436, 11115.312047962947, 11115.040283896693, 11115.039708782775, 11115.039708782775], "F": [5], "it_hist": [15, 0]}