{"losses": [191542656.0, 136465280.0, 128153648.0, 95092160.0, 81528032.0, 76523744.0, 75733760.0, 74661960.0, 73223296.0, 73041064.0, 73074040.0, 73043808.0, 73029952.0, 73034424.0, 73037144.0], "E1": [15000.0, 13192.699445647904, 12951.383792387162, 12725.236838836436, 11264.263342159138, 10768.978584659344, 10860.746214596926, 10798.366454925545, 10811.551135889202, 10965.342209758152, 11001.109666377986, 10999.951103407371, 11001.424287228472, 11001.424287227535, 11001.414709439226, 11001.414709439226], "E2": [15000.0, 9255.135357912673, 8794.922254060803, 8725.387683674253, 8596.440526344804, 8847.410072233011, 8997.307213167975, 9024.023908754441, 9048.136493360353, 9020.963632934747, 9005.143671756696, 8994.274750714305, 8998.028536038628, 8998.02853603893, 8998.031059332447, 8998.031059332447], "E3": [15000.0, 9115.478298834461, 8719.122792791595, 8705.594244132537, 8808.043422469475, 8814.770698169343, 8933.575104722087, 8969.994791637484, 8995.726195204546, 9020.643793691912, 9000.72733396388, 8998.910573537423, 8998.856445403604, 8998.85644540359, 8998.855984036389, 8998.855984036389], "E4": [15000.0, 13394.890481210112, 13246.331250557372, 13118.20383506263, 12282.84730584388, 11891.80138259716, 11755.71584135053, 11622.65499726673, 11379.233565369474, 10947.771733616417, 11010.894448153493, 11009.04721141966, 11007.023547439649, 11007.023547440664, 11007.03027830934, 11007.03027830934], "F": [5], "it_hist": [15, 0]}