{"losses": [166076896.0, 94835256.0, 84354072.0, 80644184.0, 73062488.0, 72460528.0, 72404896.0, 72377264.0, 72364792.0, 72356216.0, 72355864.0, 72355480.0], "E1": [10000.0, 10022.674518416801, 10361.36341106956, 10421.087621999532, 10552.984758875951, 11000.795745102512, 11028.4989058744, 11018.037138909776, 11011.119408903178, 11004.988455521398, 11000.141289964986, 11000.082418158048, 11000.072899422707], "E2": [10000.0, 9759.472196214265, 8886.741507560311, 9098.907168650558, 9091.99570326253, 9012.370652154774, 9009.201328428137, 8967.159876621945, 8986.17397497373, 8987.839057534205, 8989.884780173648, 8989.904321713817, 8989.909109926353], "E3": [10000.0, 9759.524258448642, 8903.222899969156, 9107.457083191439, 9105.447656390435, 9046.552024737437, 8988.29586827292, 9007.429248283772, 8995.92066384346, 8994.086883185368, 8994.22078584373, 8994.231972695918, 8994.231772137493], "E4": [10000.0, 9990.798937784022, 10133.27544413911, 10191.99555599066, 10289.417651559459, 10765.978168321337, 10927.312503762647, 10999.581996871098, 10989.921192794174, 10994.373068463017, 10997.812381101236, 10997.73519119985, 10997.729224438843], "F": [5], "it_hist": [12, 0]}