{"losses": [223972802560.0, 223906332672.0, 223892127744.0, 223888883712.0, 223880871936.0, 223879790592.0, 223879790592.0, 223879643136.0, 223879692288.0, 223879774208.0], "E1": [10000.0, 10063.66298195248, 10622.892898389304, 10675.024893011601, 10842.432371900464, 11347.640180163757, 11389.428464912602, 11404.546080692451, 11395.229218237775, 11395.229218237373, 11395.229218237373], "E2": [10000.0, 9837.533159110444, 9455.681338405102, 9574.242499979866, 9584.207258822455, 9416.644175231313, 9489.593774117462, 9496.279247384891, 9495.22246336785, 9495.222463367743, 9495.222463367743], "E3": [10000.0, 9707.353930501002, 8529.609075060758, 8842.355172492045, 8817.122233535709, 8811.9260632957, 8758.625039654118, 8746.778418896145, 8741.267436358665, 8741.2674363587, 8741.2674363587], "E4": [10000.0, 9986.185936619744, 10094.63082918511, 10149.381477286743, 10227.95105031557, 10565.13115495357, 10622.751950848962, 10655.293408383863, 10676.814650130753, 10676.81465013141, 10676.81465013141], "F": [5], "it_hist": [10, 0]}