{"losses": [228295147520.0, 224811139072.0, 224569327616.0, 224556367872.0, 224549978112.0, 224532791296.0, 224514637824.0, 224510083072.0, 224508542976.0, 224508035072.0, 224508149760.0], "E1": [15000.0, 14999.98716749949, 14094.573291918314, 13848.651704550914, 13736.872242537238, 13495.837558817038, 12621.168146586313, 10920.588699471693, 11365.506769714711, 11251.936623580941, 11197.0234298213, 11197.0234298213], "E2": [15000.0, 14999.960763769292, 11037.517600409368, 9133.979834879694, 9130.717688225546, 8984.698302154542, 9004.085889763046, 9286.845193959629, 9304.315605778902, 9322.335327453438, 9318.233960401481, 9318.233960401481], "E3": [15000.0, 14999.954766423574, 7804.519005122234, 8340.32803609009, 8733.99923925668, 8824.585699825258, 8952.36364040063, 8970.892943562258, 8852.25962578179, 8807.989983991685, 8800.908189147603, 8800.908189147603], "E4": [15000.0, 14999.987620953887, 12057.577058944262, 10424.117167588436, 10333.455268510234, 10100.310331218592, 9718.342060559675, 9642.056132983014, 10006.205463028871, 10161.95199509097, 10277.40484710645, 10277.40484710645], "F": [5], "it_hist": [11, 0]}