{"losses": [22141657088.0, 22059270144.0, 22010112000.0, 22001375232.0, 21999151104.0, 21991944192.0, 21991507968.0, 21991493632.0, 21991522304.0, 21991479296.0], "E1": [10000.0, 10000.011035079482, 10184.163320749853, 10661.692785688107, 10616.15060899323, 10686.384435782697, 11051.083716641306, 11010.988999131785, 11010.979891198649, 11010.979891198649, 11010.979891198649], "E2": [10000.0, 9999.893269522485, 9614.234921304982, 8884.067372088957, 9097.503908418365, 9109.183501736747, 9049.792869161829, 9032.69172942519, 9032.703198328554, 9032.703198328554, 9032.703198328554], "E3": [10000.0, 9999.887978648081, 9647.140300090547, 8883.90109991119, 9060.669392321808, 9046.660385816465, 8968.305553546072, 8956.123172790052, 8956.104137653165, 8956.104137653165, 8956.104137653165], "E4": [10000.0, 9999.99813878546, 10009.610475727615, 10206.248303365704, 10255.171706030458, 10354.817902579016, 10935.928951393136, 11106.008813600865, 11106.039217339441, 11106.039217339441, 11106.039217339441], "F": [5], "it_hist": [10, 0]}