{"losses": [5602171392.0, 2125072896.0, 1884861824.0, 1861974784.0, 1855599744.0, 1850557696.0, 1837394944.0, 1829537152.0, 1820918784.0, 1818810624.0, 1818567040.0, 1818536448.0, 1818539008.0], "E1": [15000.0, 14999.972520749572, 12188.52435487732, 11725.82110407792, 11414.044683324872, 11397.450571125948, 11266.694810037396, 10717.490025158226, 10513.786432681194, 10673.666339842734, 10903.78059449727, 11004.697540841104, 11002.198262088103, 11002.198262088103], "E2": [15000.0, 14999.912440414208, 10374.254391667502, 9353.509414868291, 8662.913211063644, 8823.649612017909, 8886.855504785779, 9039.713750073635, 9098.800055556096, 9025.591598244851, 9002.596349738129, 8965.685358954632, 8975.135502171126, 8975.135502171126], "E3": [15000.0, 14999.910353935125, 9364.411142459228, 8659.358997747999, 8659.67594852817, 8742.824921558315, 8829.32488433929, 9013.343653470614, 9025.325531997725, 9099.807936705824, 9004.839222712042, 9021.731582529568, 9016.264160968645, 9016.264160968645], "E4": [15000.0, 14999.975627011865, 14118.937768689766, 14079.649547342477, 13980.59407854582, 13889.25203061662, 13688.179747311611, 12858.509522035758, 12139.906492568072, 10867.775858839283, 11111.302740396617, 11051.332558292583, 11046.170717029352, 11046.170717029352], "F": [5], "it_hist": [13, 0]}