{"losses": [82804260864.0, 67759329280.0, 29566154752.0, 6625114624.0, 4677863424.0, 3174422272.0, 2741191168.0, 2485768704.0, 2236284416.0, 1945523840.0, 1864149120.0, 1839472640.0, 1829750528.0, 1828247168.0, 1825094656.0, 1823764608.0, 1823670912.0, 1823609984.0, 1823594496.0, 1823686784.0, 1823625088.0], "E1": [1000.0, 965.763421049306, 1067.623965041924, 2420.910333721489, 4395.556695525818, 4962.370844834754, 5894.411763772519, 6560.271440812077, 7215.27201982234, 7986.491531564379, 9105.907728974176, 9896.835351831303, 10088.000499115149, 10506.441549023133, 10639.473894436325, 10909.135887271423, 11024.976508034919, 11031.560393717933, 11008.482588746343, 11008.430692681188, 11006.493427896452, 11006.493427885733], "E2": [1000.0, 1176.2622102641453, 2138.071538994937, 4573.690671242404, 8132.865932589308, 9050.80057016739, 10247.899934192546, 10751.28405318581, 10844.379616173683, 10461.485460528249, 9292.276295051928, 8581.756202656803, 8872.758741634761, 9041.88943505888, 9035.976737544823, 9016.802371248643, 9015.204333761754, 8976.193621800552, 8995.329442783368, 8995.352422811467, 8995.775858105488, 8995.775858109348], "E3": [1000.0, 1280.0150991394041, 1989.0385139571085, 4097.581290496688, 7405.191737203502, 8263.496946265823, 9443.056833726361, 10033.844457732732, 10340.620461581155, 10374.181615457683, 9988.138332211276, 9375.977910257077, 9003.99777736096, 8934.715749900963, 8897.067939668665, 8910.303438276536, 8957.704939427113, 9009.839071888782, 8984.463266324712, 8984.482791460126, 8984.990419925129, 8984.990419922095], "E4": [1000.0, 1075.0468796719808, 1533.340413621484, 2817.6884107337673, 5447.7807467905795, 6125.254310472613, 7189.056654509137, 7912.878821832786, 8612.552141229435, 9451.123381086923, 10685.812556962746, 11345.046062973417, 11358.981355372975, 11748.966047580005, 11721.834862567015, 11418.874433853327, 10929.12288059564, 11019.883784817426, 10990.095579325056, 10989.993573995574, 10987.791141330912, 10987.791141316819], "F": [5], "it_hist": [21, 0]}