{"losses": [81032945664.0, 65953091584.0, 27661105152.0, 4825269760.0, 2857436672.0, 1351695104.0, 915532928.0, 662057344.0, 414849408.0, 123658080.0, 42268800.0, 17834938.0, 7713985.0, 6228423.0, 3021690.25, 1628629.625, 1609382.375, 1617670.625], "E1": [1000.0, 965.5364066101366, 1068.674129343732, 2427.5658300059636, 4393.03090684975, 4963.443140257068, 5894.924189207286, 6563.409450175072, 7214.805941224311, 7982.048506365804, 9102.233127776612, 9893.277982384745, 10082.227989626805, 10503.520757947095, 10633.591814708758, 10886.470182516405, 11025.215810873457, 11007.101723510043, 11007.101723510043], "E2": [1000.0, 1177.3470100214395, 2142.264971173352, 4590.44042604851, 8134.578007723591, 9059.472532812571, 10258.644551462268, 10768.254802871652, 10862.856932728417, 10480.721771578994, 9309.580790095237, 8585.983386548773, 8876.086819853168, 9050.20319591541, 9039.863784075193, 9012.884528018054, 9007.327979440248, 8997.131045141756, 8997.131045141756], "E3": [1000.0, 1279.4212253568803, 1987.365454922999, 4099.043234261605, 7387.496655051835, 8249.701328236713, 9427.45903017011, 10023.69349920121, 10332.714005637707, 10372.368821464655, 10001.43509098135, 9395.748159936307, 9019.427284766953, 8951.065857034884, 8912.51534334677, 8918.042344363701, 8985.15697041941, 9002.50197469188, 9002.50197469188], "E4": [1000.0, 1074.5994476331637, 1534.0911732763946, 2822.3348487054745, 5449.507129694915, 6130.1047354043385, 7192.716340416484, 7920.030666614163, 8614.885143338888, 9449.050861935795, 10684.440687036542, 11345.52082699398, 11358.378488575716, 11758.951432432892, 11733.764783009969, 11426.395676857068, 10993.5284029605, 11015.659692437283, 11015.659692437283], "F": [5], "it_hist": [18, 0]}