{"losses": [94373568.0, 24405036.0, 13780553.0, 9608065.0, 2276414.0, 1762415.5, 1646237.625, 1636514.625, 1598457.125, 1599212.25, 1600689.625, 1610271.25], "E1": [10000.0, 10023.324615209905, 10363.372336752771, 10424.606104709756, 10559.39025446834, 11009.286955135134, 11024.366980500772, 11022.508501804801, 11009.973501568851, 11000.956229845615, 10999.054072116613, 10999.054072116613, 10999.054072116613], "E2": [10000.0, 9759.94485258633, 8897.836309297272, 9105.015485100235, 9099.775511311267, 9025.52287163867, 8986.854969959853, 9000.740211625178, 8996.26849884364, 8998.812063044566, 8999.397452260693, 8999.397452260693, 8999.397452260693], "E3": [10000.0, 9759.096632809931, 8909.790110332868, 9109.563219332209, 9109.555333211265, 9036.172573515427, 9025.481411647883, 8997.209085598017, 8996.40592515591, 8998.091675915319, 8999.442884509801, 8999.442884509801, 8999.442884509801], "E4": [10000.0, 9991.278979303017, 10134.39569919043, 10194.023227997437, 10293.540100864588, 10750.408560717873, 10920.084036497072, 10964.318922363038, 10996.62180400664, 10998.767363990251, 10999.837284949586, 10999.837284949586, 10999.837284949586], "F": [5], "it_hist": [12, 0]}