{"losses": [102948438016.0, 88074731520.0, 49868152832.0, 26741313536.0, 24816502784.0, 23319779328.0, 22892392448.0, 22642108416.0, 22397579264.0, 22111866880.0, 22028046336.0, 22005041152.0, 21994711040.0, 21993029632.0, 21989419008.0, 21988241408.0, 21988257792.0, 21988204544.0, 21988261888.0], "E1": [1000.0, 966.2279903405586, 1066.3800531656586, 2413.707285632723, 4403.964700230243, 4966.522937323292, 5897.503891799908, 6561.411903992925, 7214.310457941025, 7979.43790265779, 9098.982019081433, 9929.927411734816, 10082.65902392412, 10501.445162190617, 10655.932937009407, 10943.001483734413, 11055.087611900328, 11057.212180554236, 11039.353482265364, 11039.353482265364], "E2": [1000.0, 1174.9851480804732, 2125.438556017052, 4561.703334129424, 8147.378386991049, 9061.377320816973, 10266.77756954334, 10778.777999829255, 10884.689223960302, 10523.856234352179, 9396.03111763225, 8619.541241381823, 8928.53817778732, 9092.47276314537, 9088.895224934402, 9071.325038239642, 9069.629073923727, 9057.068429056299, 9045.65844796549, 9045.65844796549], "E3": [1000.0, 1280.8212275986248, 1983.84252996153, 4095.401440514772, 7427.5699157331865, 8281.315264458268, 9461.58792894237, 10050.148149143211, 10351.834373136207, 10376.288705276576, 9979.882226328506, 9340.107541635349, 9029.655003735888, 8944.014139994939, 8899.360250775004, 8919.531008654432, 8950.952277393913, 8973.292177467814, 8992.591845564064, 8992.591845564064], "E4": [1000.0, 1075.23355265318, 1527.0825598499218, 2812.3663033708317, 5462.756886772377, 6135.895672166901, 7198.602261780005, 7916.174018861255, 8604.915062531145, 9424.763007283402, 10639.833211677025, 11347.065506428276, 11339.01005969654, 11715.323325408493, 11698.355498929779, 11426.646705933525, 10936.010007293242, 10955.746789621777, 10994.824493046859, 10994.824493046859], "F": [5], "it_hist": [19, 0]}