{"losses": [3777149696.0, 3774550016.0, 251280720.0, 120112968.0, 105846672.0, 89877808.0, 72787056.0, 54497944.0, 40705392.0, 21180720.0, 15842022.0, 2464066.0, 1614947.125, 1616749.5, 1593269.125], "E1": [15000.0, 14999.999991172414, 14999.9642678275, 13390.144766639183, 13127.5608905858, 13024.504571915277, 12647.550386784313, 11980.496875088942, 10723.707078478741, 10708.293535914952, 10715.422454719312, 10714.874317199661, 10906.201009638487, 10989.406838165514, 11001.253533078456, 11001.253533078456], "E2": [15000.0, 14999.999971953952, 14999.86499366857, 9974.03841159659, 9018.837671702953, 8882.304757593267, 8729.485040160374, 8664.884145799642, 8777.49002751808, 8893.866624297669, 9201.545784153675, 9211.460671996281, 9109.498373725035, 8996.983183731316, 9003.24066576596, 9003.24066576596], "E3": [15000.0, 14999.999971294208, 14999.802379527211, 8930.263568767332, 8216.79823849356, 8401.150789591744, 8652.31520689107, 8845.123540146507, 9001.225290849497, 8878.574578560261, 8554.328669344697, 8649.524271759426, 8957.351126386588, 9012.094371374402, 9004.534232108861, 9004.534232108861], "E4": [15000.0, 14999.999992171543, 15000.004357119455, 14499.041062076743, 14606.397947044836, 14709.526025391346, 14806.900924841051, 14806.111241781615, 14572.908151479589, 14093.271846452266, 12338.939202778796, 12165.26617697438, 11087.144484139188, 11031.498352562636, 10975.836728533553, 10975.836728533553], "F": [5], "it_hist": [15, 0]}