{"losses": [8969752576.0, 8800916480.0, 8769083392.0, 8763133952.0, 8741767168.0, 8726244352.0, 8714413056.0, 8712990720.0, 8712784896.0, 8712526848.0, 8712737792.0, 8712578048.0], "E1": [15000.0, 13406.164749975675, 12997.479019058697, 12970.645703231623, 12847.750889170213, 12027.928383071065, 11238.349151164994, 10984.729568076442, 11101.519647729723, 11105.945471793057, 11140.436400445324, 11172.297126545305, 11172.297126545305], "E2": [15000.0, 9695.12669769801, 8370.155335331166, 8799.89382830095, 8746.899733301974, 8623.959994813547, 8691.476957166064, 8895.16131819767, 8953.983935439663, 8956.823808914682, 8942.762803385534, 8933.573219080026, 8933.573219080026], "E3": [15000.0, 9566.408582586198, 8357.036046761456, 8759.65271767723, 8719.747402777735, 8654.353163736736, 8716.325536315548, 8858.208850312718, 8929.553121393274, 8946.697170824535, 8955.902863530184, 8952.04264964175, 8952.04264964175], "E4": [15000.0, 13515.540981614482, 13279.798065536006, 13250.847082413895, 13170.446066459697, 12621.013261269856, 12062.957344057486, 11405.733161904185, 11239.122083631126, 11156.056939737216, 11040.877082598841, 11017.833095433518, 11017.833095433518], "F": [5], "it_hist": [12, 0]}