{"losses": [191017271296.0, 176111042560.0, 138309910528.0, 115404070912.0, 113393270784.0, 111856377856.0, 111423807488.0, 111185297408.0, 110964400128.0, 110692089856.0, 110596980736.0, 110577844224.0, 110570070016.0, 110568398848.0, 110567546880.0, 110567604224.0, 110567530496.0, 110567366656.0], "E1": [1000.0, 967.2296041623289, 1064.9317828138028, 2409.4970433311664, 4362.065315270093, 4943.065578483493, 5891.230321897794, 6570.418296582467, 7219.381743103984, 7944.648481300238, 9048.651986433546, 9914.276850116325, 10000.300345249823, 10359.368576550392, 10528.75051333869, 10800.99069373135, 10847.403010700964, 10833.307782372734, 10833.307782372734], "E2": [1000.0, 1172.7504639287495, 2115.8113741446077, 4505.58875785092, 8011.252645151192, 8949.271227327234, 10173.888475533517, 10711.44935043664, 10852.582386824744, 10563.436416009885, 9566.555126569285, 8679.020832015442, 8999.77203644821, 9142.558824091451, 9160.116573527133, 9151.531777941449, 9126.81529707519, 9109.773933091825, 9109.773933091825], "E3": [1000.0, 1283.1067962714014, 1992.4509754115418, 4101.691900331131, 7397.080639983971, 8275.476977609696, 9472.361020115784, 10070.981593647235, 10372.464384963925, 10385.882721220389, 9986.52141350493, 9302.32474670833, 9076.565269195782, 8983.467985297491, 8932.782739898905, 8989.767485548624, 9013.303756735591, 9038.627992065041, 9038.627992065041], "E4": [1000.0, 1072.2144048925657, 1509.951490090707, 2754.2251696693984, 5339.184400837728, 5991.520910878201, 6993.4788572445805, 7648.737949945726, 8245.758306664502, 8888.426522209953, 9855.36292042624, 10427.246477063738, 10362.81513152839, 10581.935037092215, 10513.648027593274, 10265.71019663711, 10014.222885176592, 10025.04071445863, 10025.04071445863], "F": [5], "it_hist": [18, 0]}