{"losses": [89864364032.0, 74784530432.0, 36592689152.0, 13626724352.0, 11668644864.0, 10151383040.0, 9710925824.0, 9450313728.0, 9193498624.0, 8892032000.0, 8804928512.0, 8780916736.0, 8771025920.0, 8768905216.0, 8765821952.0, 8764242944.0, 8763899904.0, 8763854848.0, 8763945984.0], "E1": [1000.0, 965.4753632112086, 1067.5787706303463, 2421.0485726350526, 4397.246694394144, 4965.464075445669, 5902.783674958207, 6574.463853966803, 7233.845948801445, 8019.260322336348, 9161.666510495697, 9996.362394762462, 10170.121918905188, 10606.752028315443, 10765.849426005174, 11051.490246242352, 11163.40551869031, 11169.046026389951, 11159.053984347165, 11159.053984347165], "E2": [1000.0, 1177.1274646222473, 2142.404901927679, 4582.077558969322, 8151.286846740327, 9074.038510438575, 10282.935912754296, 10796.275556363764, 10896.421598523468, 10520.338778288971, 9351.749635533997, 8613.00680790825, 8916.688784516957, 9081.387308159721, 9082.303387968115, 9063.504260390166, 9061.527177865997, 9038.875135287075, 9037.16624508459, 9037.16624508459], "E3": [1000.0, 1279.5047391886208, 1988.4792481441013, 4093.5228309808926, 7402.960315677472, 8261.453714972913, 9441.738259428756, 10032.01104362833, 10330.62785989785, 10351.75921653102, 9933.160391192729, 9279.885533047256, 8958.034083798872, 8879.96043477335, 8830.38775838953, 8845.471714327461, 8894.49656780336, 8924.980186791698, 8924.68882622832, 8924.68882622832], "E4": [1000.0, 1074.779753290564, 1535.200570280871, 2821.1408289123356, 5456.922103260532, 6137.834494430938, 7211.086261255512, 7945.929147503892, 8654.671091686821, 9516.858262518934, 10789.908874190463, 11509.82504152602, 11519.079194170901, 11926.37928385545, 11909.776524330286, 11660.356238012258, 11119.936094269578, 11154.242405905472, 11153.304749456498, 11153.304749456498], "F": [5], "it_hist": [19, 0]}