{"losses": [11127269376.0, 11077672960.0, 11068331008.0, 11032438784.0, 11020730368.0, 11017305088.0, 11015861248.0, 11015374848.0, 11013960704.0, 11013149696.0, 11013327872.0, 11013167104.0, 11013298176.0], "E1": [15000.0, 13128.962532432679, 12871.69804833067, 12613.646277097801, 10876.113011584574, 10725.446167209708, 10691.328782077953, 10649.314800847234, 10696.278716900952, 10751.951052970522, 10844.558148416218, 10848.490359328594, 10853.649465682945, 10853.649465682945], "E2": [15000.0, 9231.522652996944, 8788.168388874783, 8720.808887869822, 8622.315329714766, 8912.94464673772, 9011.079462216361, 9040.181990470379, 9043.332012695468, 9035.114139645793, 9029.520665510736, 9026.172339736315, 9021.629170237999, 9021.629170237999], "E3": [15000.0, 9155.197469363171, 8786.898962012061, 8777.373299620236, 8904.638881852119, 8853.173763354655, 8952.477321861692, 9019.189582422909, 9057.609298899304, 9110.067814656797, 9078.628648139476, 9077.131383047046, 9074.683171802102, 9074.683171802102], "E4": [15000.0, 13421.576877044768, 13278.646092021248, 13150.407961378478, 12281.614664322771, 12050.645949301937, 11910.955810474277, 11786.47376252485, 11681.29904595944, 11360.840336679656, 11106.083226598643, 11116.930046186577, 11129.758659443378, 11129.758659443378], "F": [5], "it_hist": [13, 0]}