{"losses": [228012528.0, 174735024.0, 166023376.0, 131987728.0, 118735000.0, 114494936.0, 113586552.0, 112750432.0, 110899600.0, 110876280.0, 110787040.0, 110782592.0, 110789664.0], "E1": [15000.0, 13184.587666918425, 12942.830725902735, 12714.505492415574, 11137.970386623485, 10794.074169817286, 10851.26634882977, 10758.29739903891, 10787.286612000622, 10959.013649205366, 11002.088939841467, 10990.835928143528, 10988.799919931977, 10988.799919931977], "E2": [15000.0, 9239.275543192036, 8787.441249136462, 8721.611509036406, 8597.584580373148, 8863.202421014086, 8998.466010281683, 9029.911005164462, 9036.765424827352, 9032.218087796336, 8962.282158651591, 8995.649156923484, 8996.61577257033, 8996.61577257033], "E3": [15000.0, 9111.9684750998, 8723.3381056752, 8711.592685894275, 8822.826050547585, 8815.113624802061, 8911.86313934812, 8969.21166240144, 8995.076808696154, 9020.867409922526, 9036.60723848431, 9013.341325037776, 9005.105321363528, 9005.105321363528], "E4": [15000.0, 13392.292709323447, 13243.812984297569, 13114.65579924915, 12215.873751452682, 11894.758203155128, 11771.229053446481, 11611.410856638233, 11462.155872312942, 10983.784531311278, 11003.783832107578, 10990.642398222313, 10996.7395005845, 10996.7395005845], "F": [5], "it_hist": [13, 0]}