{"losses": [111125651456.0, 111071592448.0, 110955945984.0, 110929567744.0, 110926544896.0, 110923915264.0, 110922776576.0, 110922326016.0, 110922260480.0, 110922104832.0], "E1": [10000.0, 10000.000311423357, 10081.14257713208, 10818.076961286037, 10693.033154218547, 10795.073684805693, 11014.598312398386, 11121.14970526457, 11250.492357218023, 11253.856144667927, 11253.856144667927], "E2": [10000.0, 9999.996770566073, 9858.839029798792, 8734.12885368229, 9009.30635961207, 8909.693706695112, 8757.24800422255, 8746.073277003372, 8782.816285003855, 8784.279209797165, 8784.279209797165], "E3": [10000.0, 9999.9969253241, 9780.793002420487, 8483.82239196332, 8999.473508781144, 8969.87715934727, 8968.663588284764, 8988.427128911913, 8960.882491433076, 8957.169886316566, 8957.169886316566], "E4": [10000.0, 9999.999673715549, 9975.85511060428, 9995.513354648132, 10050.20721909859, 10097.541091161225, 10248.72107169617, 10365.770427387033, 10548.86594377542, 10554.850228843847, 10554.850228843847], "F": [5], "it_hist": [10, 0]}