{"losses": [82158698496.0, 67030257664.0, 28594972672.0, 5950104576.0, 3953172480.0, 2441730560.0, 2003645824.0, 1751756416.0, 1506506112.0, 1220715008.0, 1140075904.0, 1115266816.0, 1104989952.0, 1103579520.0, 1100230144.0, 1099231744.0, 1099237120.0, 1099226496.0, 1099259008.0], "E1": [1000.0, 965.7013894009092, 1070.130725631608, 2436.8204163394403, 4387.177854237234, 4961.556694475805, 5890.595309940196, 6558.603982094442, 7206.116668141844, 7969.744040821327, 9073.798723926375, 9854.48490677916, 10036.930419004893, 10451.670124521701, 10576.025711203509, 10863.865173273374, 10977.715426241864, 10950.809324135806, 10950.809118133015, 10950.809118133015], "E2": [1000.0, 1177.4494747457825, 2144.830681954405, 4604.906800850299, 8123.506370912259, 9056.418200720413, 10256.295599093719, 10767.935406436702, 10862.121060126843, 10482.162158731646, 9318.297069702854, 8585.018477591095, 8876.018662325074, 9053.668365981708, 9042.894776185602, 9010.986613437646, 9006.304756987764, 9003.586426666498, 9003.586417109711, 9003.586417109711], "E3": [1000.0, 1279.2504734714544, 1988.45031484271, 4109.401732473286, 7373.196748461104, 8242.852999969087, 9421.95942258608, 10022.341529025063, 10333.728003013146, 10380.702766227543, 10022.198326082364, 9422.574410314284, 9047.732918304375, 8964.473156187656, 8932.880496495829, 8944.546451416412, 9013.802005589601, 9019.654415598594, 9019.654373378184, 9019.654373378184], "E4": [1000.0, 1075.0697161935914, 1536.732903757149, 2833.4308953288537, 5441.610925037778, 6129.0915757828025, 7194.057227410894, 7926.394511383447, 8622.975496510433, 9462.939073087495, 10694.28716328323, 11361.25367331717, 11370.910012217946, 11760.314827547836, 11732.088557841513, 11369.937691811423, 10995.505666881032, 11020.095263537147, 11020.094645360576, 11020.094645360576], "F": [5], "it_hist": [19, 0]}