{"losses": [92161245184.0, 76961734656.0, 37811523584.0, 15934035968.0, 13860109312.0, 12343360512.0, 11905103872.0, 11655845888.0, 11417661440.0, 11131856896.0, 11046646784.0, 11022433280.0, 11013551104.0, 11012774912.0, 11010032640.0, 11008828416.0, 11008797696.0], "E1": [1000.0, 966.3589497336316, 1076.854937003751, 2475.2130941542196, 4367.702816319938, 4956.092962249513, 5877.044288787498, 6539.192398127298, 7179.682082826015, 7919.799827558829, 9010.500740381192, 9804.150667617587, 9953.165464210533, 10343.676711216129, 10479.25091895587, 10726.627198040875, 10831.29285257989, 10831.29285257989], "E2": [1000.0, 1178.442894185718, 2150.008805090837, 4678.696169761444, 8093.911617242889, 9051.93508901661, 10251.246111035627, 10769.436211977147, 10875.193962612895, 10514.298411597698, 9381.59227410558, 8604.066225714909, 8916.013527295221, 9081.308215475616, 9077.874084592891, 9066.11711047298, 9061.360337085727, 9061.360337085727], "E3": [1000.0, 1278.7827976287074, 1989.8325750836557, 4162.704603677506, 7335.2302907604335, 8225.407104072148, 9397.372083886159, 9995.151538737935, 10305.498288498806, 10344.354525494733, 9975.370809381151, 9342.167286008409, 9002.73952840944, 8910.549739572136, 8872.949395838205, 8892.655466750814, 8918.686318603415, 8918.686318603415], "E4": [1000.0, 1074.750016708436, 1537.921484377414, 2866.3555294219286, 5413.5204365075515, 6114.838287472164, 7173.01671524127, 7901.842239261028, 8599.509213619389, 9425.494418083197, 10663.752397572222, 11387.711119480497, 11388.143229750347, 11785.503291173552, 11788.806953824153, 11588.502294765296, 11162.814980861061, 11162.814980861061], "F": [5], "it_hist": [17, 0]}