{"losses": [8793360384.0, 8718485504.0, 8705537024.0, 8701969408.0, 8693245952.0, 8692973568.0, 8692894720.0], "E1": [10000.0, 10017.61039994227, 10346.54859903579, 10397.44219205477, 10518.882435893745, 10936.73044024171, 10961.399609440547, 10961.399609440547], "E2": [10000.0, 9750.232443626912, 8765.189139655255, 9024.559613516065, 9010.593685070191, 8928.183457532616, 8895.226032726481, 8895.226032726481], "E3": [10000.0, 9768.535106693998, 8933.077387480656, 9147.024359200712, 9139.432860498455, 9054.859197282116, 9045.882230743377, 9045.882230743377], "E4": [10000.0, 9996.676633614728, 10186.582544486406, 10242.430264621107, 10347.972909173508, 10922.821114791715, 11115.635597517314, 11115.635597517314], "F": [5], "it_hist": [7, 0]}