{"losses": [81164312576.0, 66054979584.0, 27676178432.0, 4954992128.0, 2972036864.0, 1461295872.0, 1024341440.0, 771179968.0, 522724288.0, 232522368.0, 151587024.0, 126839040.0, 116673304.0, 115184528.0, 112276040.0, 110817184.0, 110782152.0, 110707496.0, 110705808.0, 110706272.0, 110684728.0, 110739000.0], "E1": [1000.0, 965.6098020664022, 1069.4442197917685, 2432.3705635405786, 4388.116541332722, 4960.398162435972, 5890.828010093074, 6559.245280516879, 7209.579705889119, 7978.006048135745, 9094.237338507553, 9880.9832114375, 10073.337635161568, 10496.041940941224, 10626.1734950499, 10874.535995954857, 11016.904415422498, 11021.032093729718, 10998.065142936362, 10992.107904623901, 10991.352539716085, 10991.352539715088, 10991.352539715088], "E2": [1000.0, 1177.4368147575012, 2143.4050927922544, 4599.6733266507545, 8128.019394252713, 9057.104480929573, 10256.87074815306, 10767.384377070652, 10861.154306708751, 10477.866802173592, 9305.119377271287, 8583.75642599445, 8871.894442218078, 9049.534048093461, 9037.791027808447, 9006.99450687293, 9016.917299299806, 8977.908676209989, 8996.704208660203, 8998.230182771842, 8998.329544923909, 8998.329544922566, 8998.329544922566], "E3": [1000.0, 1279.3415149953648, 1987.8358716677158, 4105.822091170881, 7380.024363787567, 8245.992572091942, 9425.127010845212, 10023.717356931873, 10334.072839220955, 10376.877367744346, 10010.625948186962, 9409.868326308417, 9030.070437767165, 8956.202937929294, 8916.819226385449, 8926.56036185021, 8971.980866309335, 9030.907571362864, 9004.722887709348, 9004.595954279224, 9005.312527063841, 9005.312527063541, 9005.312527063541], "E4": [1000.0, 1074.7181976154038, 1534.9811857755822, 2827.8771894340443, 5444.361068774093, 6128.154071593054, 7192.312366441146, 7922.8955147303805, 8620.02052420568, 9460.356054232649, 10699.538041229425, 11366.692888115347, 11384.180412895172, 11786.267556359906, 11764.795936657716, 11500.144774360673, 10967.800432946902, 11065.979821566754, 11034.500399796016, 11030.407171166135, 11026.780105533957, 11026.780105534324, 11026.780105534324], "F": [5], "it_hist": [22, 0]}