{"losses": [201944768.0, 132685152.0, 122411376.0, 117905600.0, 110834520.0, 110176192.0, 110031136.0, 110017992.0, 110002528.0, 110004160.0], "E1": [10000.0, 10024.234020973548, 10362.410670482928, 10425.386122046702, 10562.942868861515, 11001.870744050846, 11038.55128915676, 11033.025535502775, 11017.489452893871, 11007.86162044555, 11007.86162044555], "E2": [10000.0, 9761.071653352414, 8904.257423544303, 9113.083684429199, 9111.427351863858, 9027.025636310245, 9041.491495920254, 8992.858916811083, 9003.955090992096, 9009.78168059543, 9009.78168059543], "E3": [10000.0, 9758.055445423159, 8911.263798902492, 9107.660585354544, 9107.049036297527, 9051.453544235274, 8974.166225057907, 9006.974588977075, 8997.112015907174, 8994.108543845821, 8994.108543845821], "E4": [10000.0, 9991.645964668585, 10137.523205507168, 10197.279751145832, 10299.117487548285, 10739.152955946554, 10929.066250591955, 10999.808352806176, 10996.791194488036, 11006.57606511607, 11006.57606511607], "F": [5], "it_hist": [10, 0]}