{"losses": [11127347200.0, 11057355776.0, 11045336064.0, 11041262592.0, 11033205760.0, 11032345600.0, 11032180736.0, 11032189952.0], "E1": [10000.0, 10025.348964484881, 10382.425429256571, 10443.920194127253, 10584.880897790932, 11042.320656383015, 11073.350666263601, 11065.955214169131, 11065.954422652301], "E2": [10000.0, 9753.000899760895, 8828.850710591847, 9055.10574664491, 9048.517213746556, 8977.445939338668, 8936.485997572627, 8947.51778730967, 8947.51722263074], "E3": [10000.0, 9766.403610532105, 8955.990575879034, 9152.64904555091, 9154.001297266743, 9086.980495685582, 9060.200505132496, 9029.003530552534, 9029.00448744667], "E4": [10000.0, 9992.087901152048, 10142.681240865708, 10201.441279139859, 10303.510708953376, 10762.01615885767, 10941.171324792535, 11004.343323541432, 11004.344033522972], "F": [5], "it_hist": [8, 0]}