{"losses": [1193915392.0, 1122806016.0, 1112766336.0, 1108984704.0, 1102066304.0, 1101440768.0, 1101319296.0, 1101305344.0, 1101272960.0, 1101289344.0, 1101279744.0], "E1": [10000.0, 10022.417901932502, 10360.13583103909, 10421.754464765927, 10556.976813887928, 10990.51002495713, 11018.012744717787, 11020.192154730932, 11006.543946888223, 10991.636198149099, 10991.320663480608, 10993.803751186124], "E2": [10000.0, 9760.027927902589, 8899.934419166762, 9102.109433672911, 9098.000231510527, 9026.733911035522, 8980.58646861875, 8999.71795170555, 8994.070435718497, 8995.895663092359, 8997.816741065033, 8999.01238997484], "E3": [10000.0, 9758.960280981739, 8910.07968388948, 9106.318311129302, 9108.530167281384, 9035.92266091243, 9031.770783593525, 8995.804459397961, 8999.396053758765, 8997.331477827744, 8998.467001065152, 8998.898371719188], "E4": [10000.0, 9990.42418975662, 10128.854072864953, 10188.751836346477, 10288.854922854041, 10709.24715920915, 10904.153644142367, 10956.580371718184, 10972.253772842949, 10984.404397450244, 10979.074707088843, 10978.96849021871], "F": [5], "it_hist": [11, 0]}