{"losses": [4869457408.0, 1320980224.0, 1143811072.0, 1107577600.0, 1104087552.0, 1092048896.0, 1090311296.0, 1090250624.0, 1090237824.0, 1090234880.0, 1090199040.0], "E1": [15000.0, 14999.788583912978, 12824.032032595738, 12195.94581971915, 12015.811216404569, 11870.242320551419, 10630.229734325556, 11022.15297099054, 10971.39520693928, 10963.278281374804, 10969.087053375277, 10969.087053375277], "E2": [15000.0, 14999.328670439612, 10784.8229430163, 9282.457712772144, 8919.050895368022, 8921.86463464499, 9015.458076699824, 9002.837360082955, 8996.5272272585, 9001.757314558074, 8998.548716218287, 8998.548716218287], "E3": [15000.0, 14999.314559150675, 8249.623047028026, 8386.543610977937, 9078.990732036762, 9080.48861689001, 9048.993741331255, 9015.533645080517, 9006.283806060806, 9001.365670336445, 8998.114511598102, 8998.114511598102], "E4": [15000.0, 14999.813477343007, 10980.252424863007, 10192.226564740238, 10187.435074607036, 10255.524439099307, 11006.064700331104, 10958.888864365812, 11002.234176413327, 11029.262809500358, 11049.20890246529, 11049.20890246529], "F": [5], "it_hist": [11, 0]}