{"losses": [110071889920.0, 110022500352.0, 110015422464.0, 109986979840.0, 109974249472.0, 109968228352.0, 109967319040.0, 109965983744.0, 109965205504.0, 109964337152.0, 109964681216.0, 109964763136.0, 109964312576.0], "E1": [15000.0, 13193.432874630416, 12958.668147416747, 12734.5081573251, 11484.091458657456, 10565.715286454593, 10740.736098577348, 10791.815297232219, 10817.554303184543, 10880.608407179958, 10933.801707435463, 10929.40219354198, 10922.081515063928, 10922.081515063928], "E2": [15000.0, 9176.526935135436, 8695.394320182877, 8614.502004095899, 8477.822432935736, 8719.219689544536, 8818.623221351738, 8884.217082188236, 8910.43444013032, 8927.366387455451, 8887.85300821877, 8876.081880273865, 8872.363707984901, 8872.363707984901], "E3": [15000.0, 9177.52414483811, 8829.401680063207, 8829.354038666987, 8963.97799944916, 8909.729021505185, 9090.860466367549, 9076.910030517842, 9071.632243976692, 9083.019526511116, 9091.338024073357, 9099.54932026038, 9100.72983674275, 9100.72983674275], "E4": [15000.0, 13517.627606403927, 13397.827962455845, 13296.834144325361, 12728.20468458131, 12215.415417694401, 12046.106728522991, 11962.013341813428, 11849.107367165157, 11509.295428927979, 11396.053309966479, 11379.852193584476, 11383.321763760043, 11383.321763760043], "F": [5], "it_hist": [13, 0]}