{"losses": [8.23644659249112e-05, 6.851833404653007e-06, 3.836290574099621e-08, 1.645815572715037e-08, 3.15548524809639e-11, 9.148598762234728e-13, 1.1409717571783662e-12, 1.3187629157099257e-12, 8.828070652971975e-13, 9.201940424918842e-13], "fs": [], "es": [9000.0, 9002.214799350239, 9755.645901118358, 10022.074915678748, 10007.635575025522, 10000.260453867126, 9999.935392782163, 9999.921098983603, 9999.904581601888, 9999.904706415005, 9999.904706415005]}