{"losses": [0.02058200165629387, 0.0011797728948295116, 1.068890833266778e-05, 5.551810886572639e-07, 4.7796863356097674e-08, 2.1204478173331154e-08, 1.2046790232034255e-08, 1.2750388245219568e-10, 3.2741398481306305e-09, 2.6703204092370925e-09], "fs": [], "es": [9000.0, 9341.0, 10152.059253925674, 10007.081074304266, 9999.115900477018, 10000.131519054172, 9999.987411017497, 10000.007227588148, 10000.005065859483, 10000.000031059277, 9999.997771409071]}