{"losses": [0.0025128056295216084, 8.775887545198202e-05, 8.125343242681993e-07, 4.875622039435257e-07, 4.817262038159242e-07, 4.817342755814025e-07], "fs": [], "es": [9000.0, 9341.0, 10129.892242935066, 10007.576167911151, 10001.261990372797, 10002.46278628972, 10002.461298969978]}