{"losses": [515768123392.0, 343862607872.0, 105657753600.0, 45320171520.0, 13643384832.0, 4347753984.0, 1701397760.0, 1003940864.0, 650834624.0, 230550960.0, 64881496.0, 29643924.0, 16407292.0, 1576086.875, 646544.0625, 129530.828125, 66845.015625, 211091.015625], "E1": [1000.0, 1018.6684555689194, 1423.4253483374805, 4147.726402800933, 5245.164035666738, 6580.589200537756, 7572.096440001281, 8299.180533969855, 8753.460856625701, 9093.440756034495, 9625.425727339538, 10239.626135115695, 10517.64565004587, 10736.881217339547, 10994.90151417292, 11007.945064493746, 10998.402538370852, 10998.356640410548, 10998.356640410548], "E2": [1000.0, 1181.147772519335, 2463.9886907284535, 4613.133767526542, 6145.465594368816, 7752.393082813604, 8784.58484726912, 9389.037656801298, 9579.459505323313, 9508.808049733385, 9194.92420011288, 9151.598948083016, 9052.373542962438, 9012.531026528619, 9000.272821620756, 9000.500255091041, 9000.836233502192, 9000.813014780128, 9000.813014780128], "E3": [1000.0, 1273.780888945, 2230.400103546235, 4765.03325682094, 6162.419318844287, 7709.373116024262, 8762.817736247292, 9427.113737396146, 9706.252119309192, 9722.76702639125, 9409.649234783006, 9003.215090262876, 8949.064553740916, 8962.898114634434, 8987.339865975147, 9020.726373406414, 9001.196761523675, 9001.157932412725, 9001.157932412725], "E4": [1000.0, 1090.3437774638642, 1807.503796505179, 3495.2843728342564, 4733.027290436658, 6026.469510436777, 7111.106104384646, 8062.118281314117, 8848.621180788226, 9597.588480548617, 10744.030945220851, 11366.202427827488, 11561.28439591441, 11474.451666030513, 10876.449935429022, 11017.30111768018, 11001.619670667407, 11000.945030395698, 11000.945030395698], "F": [5], "it_hist": [18, 0]}