{"losses": [1819248256.0, 1702777472.0, 540449472.0, 208860608.0, 52949940.0, 25342354.0, 20490482.0, 5302575.5, 517194.8125, 146569.734375, 100341.484375, 194966.09375, 177092.59375, 72756.1640625], "E1": [20000.0, 16720.202047846866, 16436.750119099255, 12587.608111758249, 10761.949669745363, 10579.088312807362, 10736.253054981538, 10698.742317513146, 10879.971563485087, 11011.013383051086, 10995.186507440158, 10995.241144088146, 10995.241294034655, 10995.75554395553, 10995.75554395553], "E2": [20000.0, 8576.47048919251, 8377.258040641558, 8800.059385291437, 8779.484589890917, 8990.252430720526, 9034.866047552336, 9052.221391655947, 9024.230314769295, 8998.440600446405, 9001.246002620732, 9001.239672367281, 9001.239647644843, 9001.117581266348, 9001.117581266348], "E3": [20000.0, 8568.869324680732, 8335.19178592944, 8242.442675036606, 8506.889366140611, 8830.04760121635, 8989.09610439102, 9060.15711352543, 9092.140931592303, 9027.513644311666, 8997.122959904109, 8997.165733503303, 8997.165769086714, 8997.455597060203, 8997.455597060203], "E4": [20000.0, 16806.513653000668, 16596.450740705965, 13969.594941630441, 12703.125386651325, 11992.461540030947, 11692.146053577086, 11340.962313231508, 10903.40000079009, 10983.591590520327, 10998.578073974015, 10998.481133126705, 10998.481184246053, 10998.986846175316, 10998.986846175316], "F": [5], "it_hist": [14, 0]}