{"losses": [3.073411498854519e+28, 7.781641813776018e+27, 6.636593674687736e+27, 2.029982576915954e+27, 6.21233877862392e+26, 2.3459829398506452e+26, 1.2206949345673762e+26, 5.266933275838227e+25, 2.114380101955246e+25, 1.3139663073485002e+25, 1.6891722747626993e+25, 1.4626057899927343e+25, 6.995141973948958e+24], "E1": [13000.0, 11908.450783411652, 11769.795569095897, 11684.545289254625, 11146.180432197225, 10880.677197142535, 10887.005532889076, 10933.82148873076, 10962.374026183663, 10998.651482134374, 11002.627709193035, 11002.571960280544, 10998.78859181202, 10998.78859181202], "E2": [13000.0, 9298.972155607704, 8910.59071471956, 8884.981989805365, 8857.123597044276, 8977.841652564683, 8990.86304754679, 9007.191580459084, 9016.944770202252, 9009.965895800658, 9001.883185438564, 9001.802518964696, 8999.118230037499, 8999.118230037499], "E3": [13000.0, 9256.065856328569, 8887.61668092859, 8877.951825693066, 8916.557653984175, 8925.837414088463, 9013.210027291801, 9007.647804405984, 9001.680800069807, 8995.288862722302, 8998.750049386983, 8998.800442488124, 9001.311497284636, 9001.311497284636], "E4": [13000.0, 12042.71669258806, 11935.726367611678, 11874.558656369794, 11482.787948491998, 11215.570200363009, 11113.564710961471, 11109.424822745745, 11066.933779530662, 11008.983693391741, 10992.58199490843, 10992.363857491639, 10993.134501614622, 10993.134501614622], "F": [5], "it_hist": [13, 0]}