{"losses": [81031847936.0, 65949245440.0, 27659728896.0, 4824533504.0, 2856794368.0, 1350106240.0, 913987008.0, 661220032.0, 413246688.0, 122005680.0, 40791340.0, 16198795.0, 6152099.0, 4545653.0, 1239839.875, 106902.8671875, 79769.0703125, 12046.01171875, 7851.47021484375, 6903.1083984375, 10105.947265625, 8077.1845703125], "E1": [1000.0, 965.5381672803381, 1068.6547555221325, 2427.4246436485405, 4393.024360740741, 4963.323013486655, 5895.271443622266, 6563.543348162721, 7214.982008922864, 7982.762845321203, 9103.60772761179, 9894.944708993004, 10080.33824804132, 10499.052759101934, 10634.043645910375, 10898.836792607, 11021.831073035917, 11020.961331121389, 11002.215035878753, 11002.199399834928, 11001.414038749148, 11001.414038749046, 11001.414038749046], "E2": [1000.0, 1177.3440030871243, 2142.3167157645385, 4590.272471836815, 8134.309739529266, 9059.022647292832, 10258.95016658411, 10767.922250190344, 10862.422414044515, 10480.3819859347, 9307.493893657957, 8584.308437069492, 8876.368643844304, 9047.198717937417, 9040.532585838107, 9021.272890891052, 9015.169883145963, 8983.608775853916, 8999.803559120885, 8999.811733377728, 9000.153634560811, 9000.153634560824, 9000.153634560824], "E3": [1000.0, 1279.4259749676316, 1987.447488779889, 4098.88737987661, 7388.645466771794, 8250.643743994207, 9428.674860755273, 10024.753464172292, 10333.607553763517, 10373.198783445325, 10000.691012963744, 9394.490631194949, 9024.356592801812, 8949.216733702668, 8912.803624031383, 8924.297963973188, 8976.748977545114, 9021.146643365673, 8997.880964615104, 8997.885898597624, 8998.27720514137, 8998.277205141458, 8998.277205141458], "E4": [1000.0, 1074.5896183662617, 1534.116162087022, 2822.166510827562, 5450.6246264796355, 6131.067244315218, 7192.2042626830935, 7919.796892807021, 8615.063489486378, 9450.056766569895, 10684.451746243343, 11347.973356818355, 11359.774953587068, 11749.289047760882, 11726.452488936327, 11407.990260538003, 10938.752591980574, 11035.118816475075, 11002.84856791064, 11002.80690247931, 11002.001130308254, 11002.0011303081, 11002.0011303081], "F": [5], "it_hist": [22, 0]}