{"losses": [9.765290154075534e+26, 2.4084185277122855e+26, 1.9767062402087683e+26, 4.046504988956436e+25, 1.5666101471704152e+25, 8.819754970679002e+24, 6.148695251843474e+24, 1.7101078593114413e+24, 3.324535627646689e+23, 1.6336054646428778e+23, 1.4537262011341548e+23, 2.397649968481552e+23, 8.610533008201304e+22], "E1": [13000.0, 11849.604314732975, 11695.477610973669, 11600.657129834628, 10959.564782789927, 10912.55811814339, 10928.091344185455, 10938.001238099538, 10976.100119058026, 11002.592416344185, 11000.976788430533, 10997.400053215675, 10997.400053198347, 10997.400053198347], "E2": [13000.0, 9308.065984232357, 8914.142445278168, 8893.160200277101, 8901.289124615405, 9005.186448916827, 9024.404144463784, 9026.053981310404, 9014.7552187153, 9005.74105582599, 9001.286146099346, 9001.62364026523, 9001.623640264688, 9001.623640264688], "E3": [13000.0, 9264.896478690443, 8895.127477472888, 8888.665569861292, 8930.937522277112, 8934.619123047974, 8969.210398688341, 8998.88787368263, 9012.57707009643, 9001.84579774298, 9000.749816009262, 9000.25342046326, 9000.253420459863, 9000.253420459863], "E4": [13000.0, 12042.014783184126, 11935.116546265703, 11875.170091586486, 11452.13215458218, 11287.628617902756, 11211.14001703076, 11122.48753131201, 11044.13367654032, 10980.903150863058, 11003.677553437978, 11004.070420174672, 11004.070420167496, 11004.070420167496], "F": [5], "it_hist": [13, 0]}