{"losses": [1077227487232.0, 909828227072.0, 825171771392.0, 723290161152.0, 511292964864.0, 382513905664.0, 145779064832.0, 58001141760.0, 20758915072.0, 6910035968.0, 2901731072.0, 1589550336.0, 801608768.0, 117156408.0, 22159222.0, 2725460.25, 696041.1875, 310970.90625, 465634.96875, 80464.828125, 126583.7265625, 177169.25], "E1": [100.0, 133.6478647006303, 217.28926468845563, 243.8707566938036, 285.3493533542137, 899.7293208168419, 1468.7018574198528, 3061.7613330782947, 4505.917179438278, 5831.346725703835, 7032.644529364818, 7954.596103313368, 8654.236815537297, 9332.490557422814, 10097.244532861683, 10561.862328752943, 10880.507723362516, 10957.46166273182, 10969.937384169216, 10995.479945056137, 10998.110567634663, 11001.879795468321, 11001.879795468321], "E2": [100.0, 125.48362161798107, 238.201612579234, 328.9771769874759, 586.82405216143, 1218.2944416306964, 2041.5446051584017, 4519.322139141402, 6143.939233759624, 7840.6882050811855, 9119.694765424503, 9866.597091517855, 10109.517424881617, 9955.231071570824, 9205.536127711372, 9036.240573941433, 9065.392684007053, 8995.10331944972, 9001.21040095675, 9010.564967289198, 9003.827259294512, 9001.296908663466, 9001.296908663466], "E3": [100.0, 151.75828186036904, 276.5397383280399, 409.51290332469705, 611.2416203692806, 1472.490416924506, 1945.2815398609325, 4318.8362802978045, 5840.902350073253, 7343.626663163346, 8479.867155371714, 9148.690690321166, 9429.351493608243, 9401.379968088439, 9076.88801229063, 9000.184452598036, 8982.647794133474, 9004.597687791684, 8997.604485629541, 8987.598054522226, 8998.127823586294, 8999.651718693496, 8999.651718693496], "E4": [100.0, 152.57838423898403, 245.802774168851, 349.4996199155522, 520.0935622706916, 971.795800529964, 1547.4098893631735, 2645.983194092284, 4203.80005214651, 5254.141178899204, 6307.890741583366, 7200.67185444358, 8037.2080719261685, 8963.536467036829, 10199.76775037257, 10739.706956849726, 11013.729859118293, 11065.786198774867, 11056.497389827076, 11000.466852514919, 11008.645526094031, 11001.832412128055, 11001.832412128055], "F": [5], "it_hist": [22, 0]}