{"losses": [48906320.0, 12222134.0, 10177129.0, 2148011.5, 754313.75, 438074.09375, 287331.34375, 132197.234375, 45563.99609375, 7104.45947265625, 20161.2734375, 7531.41455078125, 11804.8330078125], "E1": [13000.0, 11860.462232913851, 11707.296349858276, 11613.350372891715, 10937.825984439254, 10919.83405949652, 10923.36500695259, 10943.65743573271, 10959.81379463018, 11006.75217370419, 11000.246790265493, 11000.21801731165, 11000.21795205934, 11000.21795205934], "E2": [13000.0, 9305.02757342039, 8913.230124629803, 8892.722586365782, 8897.769706281913, 9000.837828996842, 9022.66844280127, 9025.914166610935, 9017.489053493153, 9008.01258111241, 8998.094742530153, 8998.093419134872, 8998.09342851755, 8998.09342851755], "E3": [13000.0, 9264.174116965776, 8895.812555825694, 8888.643639840586, 8931.378681821234, 8935.322752184926, 8964.401042405432, 8997.880388232712, 9008.245485911826, 9006.097744986611, 9003.757846842067, 9003.719017151952, 9003.718939856606, 9003.718939856606], "E4": [13000.0, 12043.569962907764, 11936.973572746285, 11876.306392849068, 11427.78921783339, 11288.27336801074, 11213.612140126097, 11132.99688397008, 11073.907607579424, 10992.678205661916, 10998.143975235182, 10998.197099803763, 10998.197245052132, 10998.197245052132], "F": [5], "it_hist": [13, 0]}