{"losses": [9.128385158874153e-08, 2.2287981238378052e-08, 1.4802095549271144e-08, 1.1188301840547865e-08, 1.5701715483373846e-09, 5.99326588357485e-10, 2.0869513062127254e-10, 3.81497819446075e-11, 6.264493698088236e-12, 8.977243427799042e-12, 1.3552112557158047e-11, 6.440888621062069e-12, 1.1451455235456098e-11], "E1": [10000.0, 10000.036379788071, 10019.100839297747, 10174.169843708898, 10354.30138804062, 11024.524557766945, 11114.75961318724, 11106.362746067485, 11029.310975108276, 11001.786957725086, 10999.617813310064, 11001.276404236243, 11001.276404148772, 11001.276404148772], "E2": [10000.0, 9999.181454768404, 8892.496747236686, 9103.185185354265, 9092.218281038771, 8974.330028904144, 9007.408624450443, 8994.649399163789, 8991.864413631827, 9003.148709445419, 8999.342326191123, 8998.596116742425, 8998.596116962022, 8998.596116962022], "E3": [10000.0, 9999.163264874369, 9136.891326532217, 9303.054156942502, 9295.626333115137, 9124.343701486247, 9036.823746189837, 9007.577780973013, 9000.768546856429, 8995.273670496388, 8997.927661501457, 9000.366533922876, 9000.366533829283, 9000.366533829283], "E4": [10000.0, 9999.981810105965, 9857.524296088392, 9967.402635259323, 10072.648791883477, 10540.461906130822, 10721.52932444904, 10889.29263644102, 11023.377411728197, 10997.40161500524, 11004.508161416907, 10999.96098676843, 10999.960987060693, 10999.960987060693], "F": [5], "it_hist": [13, 0]}