{"losses": [1.6251387298004675e+30, 1.3149123462202437e+30, 4.93111812656092e+29, 1.1030380849158363e+29, 6.083543286838585e+28, 2.8550702872174754e+28, 1.8811751126861616e+28, 1.3476380153808766e+28, 8.632106370479651e+27, 2.8071546776398765e+27, 9.439566401659126e+26, 3.4014187515837186e+26, 1.1738368842062207e+26, 8.889332861144821e+25, 4.237888114046765e+25, 3.2330743646862276e+24, 2.9081744193605696e+23, 1.3708878903082274e+23, 7.077126240155949e+22, 1.8987736276787656e+23, 1.0618807877795897e+23], "E1": [1000.0, 969.3447680124526, 1098.1945003963426, 2603.3031339445556, 4272.408853918647, 4926.3792473806225, 5849.667240293575, 6542.763807569172, 7202.260178033448, 7943.678641696303, 9050.804438643792, 9864.008998676596, 10082.46704532346, 10517.87309287456, 10631.864779824624, 10849.29660314065, 11036.12267573075, 11005.583793554006, 11001.040608913498, 11001.031353095397, 11001.031353095112, 11001.031353095097], "E2": [1000.0, 1177.7858191168823, 2150.1194721921934, 4851.423268518469, 7861.897222257832, 8926.59335719876, 10129.88358611724, 10680.684793226685, 10801.707309397487, 10453.345468531694, 9327.79910147007, 8555.646731434448, 8860.645733432602, 9062.232965081095, 9036.232099799874, 8992.866634891921, 8995.004613674106, 8994.090250003563, 8998.426980486824, 9001.394247556778, 9001.394247557, 9001.394247557004], "E3": [1000.0, 1279.7864943402274, 2002.5705710292264, 4351.960422227175, 7192.74677896611, 8189.5348128240585, 9383.486282433447, 10030.712865555122, 10378.009208057952, 10448.153193663375, 10127.344236137797, 9497.304008905958, 9031.461394150143, 8955.082915888519, 8915.887967464181, 8917.054626247707, 8956.590175611263, 9002.731699928116, 8999.60022973963, 8999.126977612976, 8999.126977613101, 8999.126977613101], "E4": [1000.0, 1073.8442743720514, 1532.1183086247386, 2938.1342682124964, 5219.828005894812, 5974.359709920059, 7014.709170207308, 7761.395065475372, 8468.894369850379, 9277.827275447034, 10513.804100673226, 11233.62206016042, 11269.685185676222, 11724.32318537798, 11709.743196740816, 11529.786277505125, 11066.262520699986, 11000.197490627523, 11002.510980397365, 10997.563532317961, 10997.563532318109, 10997.563532318129], "F": [5], "it_hist": [21, 0]}