{"losses": [92459952.0, 21961388.0, 11970544.0, 8153105.0, 967129.9375, 243712.34375, 48731.890625, 20689.158203125, 10685.685546875, 6342.1689453125, 33053.29296875, 14646.6513671875, 5243.5234375], "E1": [10000.0, 10023.338291567408, 10363.180777454567, 10426.279884370182, 10562.887403461427, 11002.111908865983, 11039.500263836224, 11036.173640720923, 11017.443539921878, 11000.647338209548, 10998.172501651881, 10996.697583737656, 10996.697583737656, 10996.697583737656], "E2": [10000.0, 9760.020899106603, 8904.90287837496, 9105.459741802893, 9101.634688249547, 9016.866614514629, 9038.159279065561, 8988.655555496565, 8995.209386030288, 9000.36431614004, 9002.009106905762, 9001.779707168569, 9001.779707168569, 9001.779707168569], "E3": [10000.0, 9759.026642279508, 8915.06699007073, 9108.243784945738, 9108.579367762795, 9056.05091496881, 8970.189032609653, 9002.891981176183, 8998.911019912774, 8998.73186931118, 8998.776783583133, 9000.021531887622, 9000.021531887622, 9000.021531887622], "E4": [10000.0, 9991.157141297983, 10135.541596060675, 10196.061910907298, 10297.193761779632, 10745.273761321594, 10928.67083004682, 10983.185476497967, 10986.78998429507, 10997.19786593474, 11001.889046767272, 11001.257532248292, 11001.257532248292, 11001.257532248292], "F": [5], "it_hist": [13, 0]}