{"losses": [1.8485020329792736e+27, 4.357495788049774e+26, 2.136024865815294e+26, 1.4400304109525975e+26, 1.242500507918887e+25, 2.1828381021175656e+24, 4.2016051698936295e+23, 2.245606283333703e+23, 1.7225976741436294e+23, 1.339618407303476e+23, 1.3571885707457141e+23, 4.382599614742082e+22], "E1": [10000.0, 10024.197441187047, 10370.019074874206, 10430.919754975188, 10566.193632280794, 10989.529993639204, 11031.667163469336, 11027.154341887644, 11013.983556024936, 11000.539228433872, 11000.534011550671, 10997.306548526103, 10997.306548526103], "E2": [10000.0, 9760.129600293994, 8895.887741360148, 9106.0448257704, 9101.185848616456, 9013.977956560844, 9027.399031819697, 8996.651238097222, 8995.158972401248, 9000.31658205622, 9000.316125226065, 9001.091019188862, 9001.091019188862], "E3": [10000.0, 9758.989246691608, 8911.626048490292, 9111.107754347777, 9108.814820916888, 9050.066757913639, 8986.399281117056, 9006.095517188756, 8998.729564818337, 8996.062470932564, 8996.069964588673, 8998.68600939866, 8998.68600939866], "E4": [10000.0, 9991.544707302435, 10139.461635588481, 10198.673471194736, 10298.681931401947, 10732.715262457961, 10930.29057062094, 10978.609142858517, 11000.287649276475, 11003.229813504428, 11003.22104263897, 10999.914979224772, 10999.914979224772], "F": [5], "it_hist": [12, 0]}