{"losses": [66651078656.0, 16723921920.0, 5297626624.0, 1370860544.0, 554809600.0, 287964608.0, 65852336.0, 4218280.0, 1923319.5, 658872.5625, 424086.09375, 208781.78125, 178683.84375, 287950.78125, 118294.984375, 127730.7109375], "E1": [5000.0, 5078.284272769313, 6544.0894178787585, 7698.286115485953, 8752.737517729523, 9457.493754741465, 9993.864517519367, 10618.192717635096, 10956.616190564768, 11020.518339355773, 11040.580672632552, 11039.778194181705, 11015.578665472765, 11010.043431930813, 10996.689341475496, 10999.551088554508, 10999.551088554508], "E2": [5000.0, 5228.95665841422, 7283.1591182632965, 8327.961036474388, 9082.233578788557, 9376.602445839866, 9391.956557271451, 9190.774424563493, 8996.98791831764, 8991.375061451105, 8995.920187320979, 8991.740813543893, 9000.332491110605, 9000.203001686912, 8998.253466749715, 9000.138478054827, 9000.138478054827], "E3": [5000.0, 5228.520428498939, 7241.887702273459, 8263.138285666031, 9025.537565601266, 9351.629782421092, 9398.542618220308, 9219.487021482562, 9003.780631311718, 9004.24578497919, 9000.571845249615, 9000.802315505078, 8996.360372424557, 8997.906310315844, 9002.021830683525, 8999.96889610405, 8999.96889610405], "E4": [5000.0, 5074.228262565113, 6334.6173777599815, 7332.9684569122865, 8303.665281331143, 8994.8009268676, 9558.235158825317, 10272.784993647225, 10767.825093332845, 10873.595932605904, 10950.845323075373, 11030.179480333929, 11013.895141511357, 11005.534462870019, 11000.97254191937, 11003.13034835212, 11003.13034835212], "F": [5], "it_hist": [16, 0]}